Date,BP,Power,Description,List Machine NonAktif
01-01-2020,8786,16600,Mesin Aktif,Tidak Ada
02-01-2020,8709,16600,Mesin Aktif,Tidak Ada
03-01-2020,8621,16600,Mesin Aktif,Tidak Ada
04-01-2020,7955,16600,Mesin Aktif,Tidak Ada
05-01-2020,8304,16600,Mesin Aktif,Tidak Ada
06-01-2020,8083,16600,Mesin Aktif,Tidak Ada
07-01-2020,8256,16600,Mesin Aktif,Tidak Ada
08-01-2020,8164,16600,Mesin Aktif,Tidak Ada
09-01-2020,8292,16600,Mesin Aktif,Tidak Ada
10-01-2020,8098,16600,Mesin Aktif,Tidak Ada
11-01-2020,7938,16600,Mesin Aktif,Tidak Ada
12-01-2020,7783,16600,Mesin Aktif,Tidak Ada
13-01-2020,7849,16600,Mesin Aktif,Tidak Ada
14-01-2020,8071,16600,Mesin Aktif,Tidak Ada
15-01-2020,8102,16600,Mesin Aktif,Tidak Ada
16-01-2020,8217,16600,Mesin Aktif,Tidak Ada
17-01-2020,8237,16600,Mesin Aktif,Tidak Ada
18-01-2020,8533,16600,Mesin Aktif,Tidak Ada
19-01-2020,8372,16600,Mesin Aktif,Tidak Ada
20-01-2020,8394,16600,Mesin Aktif,Tidak Ada
21-01-2020,8388,16600,Mesin Aktif,Tidak Ada
22-01-2020,8635,16600,Mesin Aktif,Tidak Ada
23-01-2020,8689,16600,Mesin Aktif,Tidak Ada
24-01-2020,8938,16600,Mesin Aktif,Tidak Ada
25-01-2020,8863,16600,Mesin Aktif,Tidak Ada
26-01-2020,8920,16600,Mesin Aktif,Tidak Ada
27-01-2020,9053,16600,Mesin Aktif,Tidak Ada
28-01-2020,8616,16600,Mesin Aktif,Tidak Ada
29-01-2020,8868,16600,Mesin Aktif,Tidak Ada
30-01-2020,6622,16600,Mesin Aktif,Tidak Ada
31-01-2020,7947,16600,Mesin Aktif,Tidak Ada
01-02-2020,8059,16600,Mesin Aktif,Tidak Ada
02-02-2020,8239,16600,Mesin Aktif,Tidak Ada
03-02-2020,8485,16600,Mesin Aktif,Tidak Ada
04-02-2020,8266,16600,Mesin Aktif,Tidak Ada
05-02-2020,8447,16600,Mesin Aktif,Tidak Ada
06-02-2020,8588,16600,Mesin Aktif,Tidak Ada
07-02-2020,7917,16600,Mesin Aktif,Tidak Ada
08-02-2020,7368,16600,Mesin Aktif,Tidak Ada
09-02-2020,6612,16600,Mesin Aktif,Tidak Ada
10-02-2020,7666,16600,Mesin Aktif,Tidak Ada
11-02-2020,7700,16600,Mesin Aktif,Tidak Ada
12-02-2020,8113,16600,Mesin Aktif,Tidak Ada
13-02-2020,8173,16600,Mesin Aktif,Tidak Ada
14-02-2020,8272,16600,Mesin Aktif,Tidak Ada
15-02-2020,8656,16600,Mesin Aktif,Tidak Ada
16-02-2020,8027,16600,Mesin Aktif,Tidak Ada
17-02-2020,8156,16600,Mesin Aktif,Tidak Ada
18-02-2020,7625,16600,Mesin Aktif,Tidak Ada
19-02-2020,7910,16600,Mesin Aktif,Tidak Ada
20-02-2020,8429,16600,Mesin Aktif,Tidak Ada
21-02-2020,7747,16600,Mesin Aktif,Tidak Ada
22-02-2020,7922,16600,Mesin Aktif,Tidak Ada
23-02-2020,8251,16600,Mesin Aktif,Tidak Ada
24-02-2020,8386,16600,Mesin Aktif,Tidak Ada
25-02-2020,8209,16600,Mesin Aktif,Tidak Ada
26-02-2020,8202,16600,Mesin Aktif,Tidak Ada
27-02-2020,8306,16600,Mesin Aktif,Tidak Ada
28-02-2020,8632,16600,Mesin Aktif,Tidak Ada
29-02-2020,7863,16600,Mesin Aktif,Tidak Ada
01-03-2020,6981,16600,Mesin Aktif,Tidak Ada
02-03-2020,8254,16600,Mesin Aktif,Tidak Ada
03-03-2020,8237,16600,Mesin Aktif,Tidak Ada
04-03-2020,7963,16600,Mesin Aktif,Tidak Ada
05-03-2020,8297,16600,Mesin Aktif,Tidak Ada
06-03-2020,7602,16600,Mesin Aktif,Tidak Ada
07-03-2020,7295,16600,Mesin Aktif,Tidak Ada
08-03-2020,7915,16600,Mesin Aktif,Tidak Ada
09-03-2020,6627,16600,Mesin Aktif,Tidak Ada
10-03-2020,7583,16600,Mesin Aktif,Tidak Ada
11-03-2020,8279,16600,Mesin Aktif,Tidak Ada
12-03-2020,7758,16600,Mesin Aktif,Tidak Ada
13-03-2020,7996,16600,Mesin Aktif,Tidak Ada
14-03-2020,7853,16600,Mesin Aktif,Tidak Ada
15-03-2020,7725,16600,Mesin Aktif,Tidak Ada
16-03-2020,7350,16600,Mesin Aktif,Tidak Ada
17-03-2020,7744,16600,Mesin Aktif,Tidak Ada
18-03-2020,7440,16600,Mesin Aktif,Tidak Ada
19-03-2020,7150,16600,Mesin Aktif,Tidak Ada
20-03-2020,7136,16600,Mesin Aktif,Tidak Ada
21-03-2020,6909,16600,Mesin Aktif,Tidak Ada
22-03-2020,6576,16600,Mesin Aktif,Tidak Ada
23-03-2020,6092,16600,Mesin Aktif,Tidak Ada
24-03-2020,5945,16600,Mesin Aktif,Tidak Ada
25-03-2020,0,16600,Mesin Aktif,Tidak Ada
26-03-2020,5950,16600,Mesin Aktif,Tidak Ada
27-03-2020,5439,16600,Mesin Aktif,Tidak Ada
28-03-2020,5561,16600,Mesin Aktif,Tidak Ada
29-03-2020,5548,16600,Mesin Aktif,Tidak Ada
30-03-2020,5574,16600,Mesin Aktif,Tidak Ada
31-03-2020,5540,16600,Mesin Aktif,Tidak Ada
01-04-2020,5404,16600,Mesin Aktif,Tidak Ada
02-04-2020,5486,16600,Mesin Aktif,Tidak Ada
03-04-2020,5521,16600,Mesin Aktif,Tidak Ada
04-04-2020,5258,16600,Mesin Aktif,Tidak Ada
05-04-2020,5288,16600,Mesin Aktif,Tidak Ada
06-04-2020,5189,16600,Mesin Aktif,Tidak Ada
07-04-2020,5234,16600,Mesin Aktif,Tidak Ada
08-04-2020,5116,16600,Mesin Aktif,Tidak Ada
09-04-2020,5289,16600,Mesin Aktif,Tidak Ada
10-04-2020,5291,16600,Mesin Aktif,Tidak Ada
11-04-2020,4990,16600,Mesin Aktif,Tidak Ada
12-04-2020,5055,16600,Mesin Aktif,Tidak Ada
13-04-2020,5080,16600,Mesin Aktif,Tidak Ada
14-04-2020,5150,16600,Mesin Aktif,Tidak Ada
15-04-2020,5218,16600,Mesin Aktif,Tidak Ada
16-04-2020,5303,16600,Mesin Aktif,Tidak Ada
17-04-2020,5167,16600,Mesin Aktif,Tidak Ada
18-04-2020,5103,16600,Mesin Aktif,Tidak Ada
19-04-2020,5141,16600,Mesin Aktif,Tidak Ada
20-04-2020,5263,16600,Mesin Aktif,Tidak Ada
21-04-2020,5229,16600,Mesin Aktif,Tidak Ada
22-04-2020,5265,16600,Mesin Aktif,Tidak Ada
23-04-2020,5207,16600,Mesin Aktif,Tidak Ada
24-04-2020,5190,16600,Mesin Aktif,Tidak Ada
25-04-2020,4938,16600,Mesin Aktif,Tidak Ada
26-04-2020,5114,16600,Mesin Aktif,Tidak Ada
27-04-2020,5084,16600,Mesin Aktif,Tidak Ada
28-04-2020,5005,16600,Mesin Aktif,Tidak Ada
29-04-2020,4975,16600,Mesin Aktif,Tidak Ada
30-04-2020,5047,16600,Mesin Aktif,Tidak Ada
01-05-2020,5022,16600,Mesin Aktif,Tidak Ada
02-05-2020,4962,16600,Mesin Aktif,Tidak Ada
03-05-2020,5060,16600,Mesin Aktif,Tidak Ada
04-05-2020,5107,16600,Mesin Aktif,Tidak Ada
05-05-2020,5088,16600,Mesin Aktif,Tidak Ada
06-05-2020,5035,16600,Mesin Aktif,Tidak Ada
07-05-2020,5000,16600,Mesin Aktif,Tidak Ada
08-05-2020,5134,16600,Mesin Aktif,Tidak Ada
09-05-2020,4893,16600,Mesin Aktif,Tidak Ada
10-05-2020,4778,16600,Mesin Aktif,Tidak Ada
11-05-2020,4894,16600,Mesin Aktif,Tidak Ada
12-05-2020,4787,16600,Mesin Aktif,Tidak Ada
13-05-2020,4821,16600,Mesin Aktif,Tidak Ada
14-05-2020,4752,16600,Mesin Aktif,Tidak Ada
15-05-2020,4806,16600,Mesin Aktif,Tidak Ada
16-05-2020,4908,16600,Mesin Aktif,Tidak Ada
17-05-2020,4937,16600,Mesin Aktif,Tidak Ada
18-05-2020,4891,16600,Mesin Aktif,Tidak Ada
19-05-2020,4816,16600,Mesin Aktif,Tidak Ada
20-05-2020,4808,16600,Mesin Aktif,Tidak Ada
21-05-2020,4480,16600,Mesin Aktif,Tidak Ada
22-05-2020,4749,16600,Mesin Aktif,Tidak Ada
23-05-2020,4861,16600,Mesin Aktif,Tidak Ada
24-05-2020,4801,16600,Mesin Aktif,Tidak Ada
25-05-2020,4665,16600,Mesin Aktif,Tidak Ada
26-05-2020,4818,16600,Mesin Aktif,Tidak Ada
27-05-2020,4645,16600,Mesin Aktif,Tidak Ada
28-05-2020,4470,16600,Mesin Aktif,Tidak Ada
29-05-2020,4632,16600,Mesin Aktif,Tidak Ada
30-05-2020,4738,16600,Mesin Aktif,Tidak Ada
31-05-2020,4738,16600,Mesin Aktif,Tidak Ada
01-06-2020,4737,16600,Mesin Aktif,Tidak Ada
02-06-2020,4842,16600,Mesin Aktif,Tidak Ada
03-06-2020,4730,16600,Mesin Aktif,Tidak Ada
04-06-2020,4795,16600,Mesin Aktif,Tidak Ada
05-06-2020,4795,16600,Mesin Aktif,Tidak Ada
06-06-2020,4593,16600,Mesin Aktif,Tidak Ada
07-06-2020,4595,16600,Mesin Aktif,Tidak Ada
08-06-2020,4545,16600,Mesin Aktif,Tidak Ada
09-06-2020,4617,16600,Mesin Aktif,Tidak Ada
10-06-2020,4667,16600,Mesin Aktif,Tidak Ada
11-06-2020,4665,16600,Mesin Aktif,Tidak Ada
12-06-2020,4720,16600,Mesin Aktif,Tidak Ada
13-06-2020,4688,16600,Mesin Aktif,Tidak Ada
14-06-2020,4845,16600,Mesin Aktif,Tidak Ada
15-06-2020,4779,16600,Mesin Aktif,Tidak Ada
16-06-2020,4682,16600,Mesin Aktif,Tidak Ada
17-06-2020,4435,16600,Mesin Aktif,Tidak Ada
18-06-2020,4589,16600,Mesin Aktif,Tidak Ada
19-06-2020,4604,16600,Mesin Aktif,Tidak Ada
20-06-2020,4510,16600,Mesin Aktif,Tidak Ada
21-06-2020,4530,16600,Mesin Aktif,Tidak Ada
22-06-2020,4583,16600,Mesin Aktif,Tidak Ada
23-06-2020,4491,16600,Mesin Aktif,Tidak Ada
24-06-2020,4521,16600,Mesin Aktif,Tidak Ada
25-06-2020,4639,16600,Mesin Aktif,Tidak Ada
26-06-2020,4598,16600,Mesin Aktif,Tidak Ada
27-06-2020,4578,16600,Mesin Aktif,Tidak Ada
28-06-2020,4628,16600,Mesin Aktif,Tidak Ada
29-06-2020,4589,16600,Mesin Aktif,Tidak Ada
30-06-2020,4597,16600,Mesin Aktif,Tidak Ada
01-07-2020,4574,16600,Mesin Aktif,Tidak Ada
02-07-2020,4669,16600,Mesin Aktif,Tidak Ada
03-07-2020,4533,16600,Mesin Aktif,Tidak Ada
04-07-2020,4546,16600,Mesin Aktif,Tidak Ada
05-07-2020,4524,16600,Mesin Aktif,Tidak Ada
06-07-2020,4641,16600,Mesin Aktif,Tidak Ada
07-07-2020,4664,16600,Mesin Aktif,Tidak Ada
08-07-2020,4546,16600,Mesin Aktif,Tidak Ada
09-07-2020,4568,16600,Mesin Aktif,Tidak Ada
10-07-2020,4558,16600,Mesin Aktif,Tidak Ada
11-07-2020,4593,16600,Mesin Aktif,Tidak Ada
12-07-2020,4592,16600,Mesin Aktif,Tidak Ada
13-07-2020,4656,16600,Mesin Aktif,Tidak Ada
14-07-2020,4723,16600,Mesin Aktif,Tidak Ada
15-07-2020,4649,16600,Mesin Aktif,Tidak Ada
16-07-2020,4617,16600,Mesin Aktif,Tidak Ada
17-07-2020,4739,16600,Mesin Aktif,Tidak Ada
18-07-2020,4580,16600,Mesin Aktif,Tidak Ada
19-07-2020,4579,16600,Mesin Aktif,Tidak Ada
20-07-2020,4701,16600,Mesin Aktif,Tidak Ada
21-07-2020,4741,16600,Mesin Aktif,Tidak Ada
22-07-2020,4634,16600,Mesin Aktif,Tidak Ada
23-07-2020,4612,16600,Mesin Aktif,Tidak Ada
24-07-2020,4627,16600,Mesin Aktif,Tidak Ada
25-07-2020,4571,16600,Mesin Aktif,Tidak Ada
26-07-2020,4624,16600,Mesin Aktif,Tidak Ada
27-07-2020,4646,16600,Mesin Aktif,Tidak Ada
28-07-2020,4482,16600,Mesin Aktif,Tidak Ada
29-07-2020,4363,16600,Mesin Aktif,Tidak Ada
30-07-2020,4449,16600,Mesin Aktif,Tidak Ada
31-07-2020,4680,16600,Mesin Aktif,Tidak Ada
01-08-2020,4587,16600,Mesin Aktif,Tidak Ada
02-08-2020,4573,16600,Mesin Aktif,Tidak Ada
03-08-2020,4491,16600,Mesin Aktif,Tidak Ada
04-08-2020,4554,16600,Mesin Aktif,Tidak Ada
05-08-2020,4394,16600,Mesin Aktif,Tidak Ada
06-08-2020,4561,16600,Mesin Aktif,Tidak Ada
07-08-2020,4476,16600,Mesin Aktif,Tidak Ada
08-08-2020,4650,16600,Mesin Aktif,Tidak Ada
09-08-2020,4734,16600,Mesin Aktif,Tidak Ada
10-08-2020,4839,16600,Mesin Aktif,Tidak Ada
11-08-2020,4764,16600,Mesin Aktif,Tidak Ada
12-08-2020,4807,16600,Mesin Aktif,Tidak Ada
13-08-2020,4178,16600,Mesin Aktif,Tidak Ada
14-08-2020,4813,16600,Mesin Aktif,Tidak Ada
15-08-2020,5080,16600,Mesin Aktif,Tidak Ada
16-08-2020,4992,16600,Mesin Aktif,Tidak Ada
17-08-2020,4827,16600,Mesin Aktif,Tidak Ada
18-08-2020,4825,16600,Mesin Aktif,Tidak Ada
19-08-2020,4714,16600,Mesin Aktif,Tidak Ada
20-08-2020,4961,16600,Mesin Aktif,Tidak Ada
21-08-2020,5045,16600,Mesin Aktif,Tidak Ada
22-08-2020,4948,16600,Mesin Aktif,Tidak Ada
23-08-2020,4840,16600,Mesin Aktif,Tidak Ada
24-08-2020,4777,16600,Mesin Aktif,Tidak Ada
25-08-2020,4862,16600,Mesin Aktif,Tidak Ada
26-08-2020,4871,16600,Mesin Aktif,Tidak Ada
27-08-2020,4863,16600,Mesin Aktif,Tidak Ada
28-08-2020,5080,16600,Mesin Aktif,Tidak Ada
29-08-2020,5198,16600,Mesin Aktif,Tidak Ada
30-08-2020,4745,16600,Mesin Aktif,Tidak Ada
31-08-2020,4960,16600,Mesin Aktif,Tidak Ada
01-09-2020,4887,16600,Mesin Aktif,Tidak Ada
02-09-2020,4669,16600,Mesin Aktif,Tidak Ada
03-09-2020,4979,16600,Mesin Aktif,Tidak Ada
04-09-2020,5098,16600,Mesin Aktif,Tidak Ada
05-09-2020,5085,16600,Mesin Aktif,Tidak Ada
06-09-2020,4968,16600,Mesin Aktif,Tidak Ada
07-09-2020,4830,16600,Mesin Aktif,Tidak Ada
08-09-2020,4936,16600,Mesin Aktif,Tidak Ada
09-09-2020,4836,16600,Mesin Aktif,Tidak Ada
10-09-2020,4935,16600,Mesin Aktif,Tidak Ada
11-09-2020,4929,16600,Mesin Aktif,Tidak Ada
12-09-2020,5133,16600,Mesin Aktif,Tidak Ada
13-09-2020,5010,16600,Mesin Aktif,Tidak Ada
14-09-2020,4989,16600,Mesin Aktif,Tidak Ada
15-09-2020,5164,16600,Mesin Aktif,Tidak Ada
16-09-2020,4718,16600,Mesin Aktif,Tidak Ada
17-09-2020,4980,16600,Mesin Aktif,Tidak Ada
18-09-2020,5147,16600,Mesin Aktif,Tidak Ada
19-09-2020,5185,16600,Mesin Aktif,Tidak Ada
20-09-2020,4960,16600,Mesin Aktif,Tidak Ada
21-09-2020,4953,16600,Mesin Aktif,Tidak Ada
22-09-2020,4830,16600,Mesin Aktif,Tidak Ada
23-09-2020,4926,16600,Mesin Aktif,Tidak Ada
24-09-2020,5017,16600,Mesin Aktif,Tidak Ada
25-09-2020,5218,16600,Mesin Aktif,Tidak Ada
26-09-2020,4891,16600,Mesin Aktif,Tidak Ada
27-09-2020,4963,16600,Mesin Aktif,Tidak Ada
28-09-2020,4984,16600,Mesin Aktif,Tidak Ada
29-09-2020,4967,16600,Mesin Aktif,Tidak Ada
30-09-2020,5030,16600,Mesin Aktif,Tidak Ada
01-10-2020,4883,16600,Mesin Aktif,Tidak Ada
02-10-2020,5061,16600,Mesin Aktif,Tidak Ada
03-10-2020,5171,16600,Mesin Aktif,Tidak Ada
04-10-2020,4973,16600,Mesin Aktif,Tidak Ada
05-10-2020,4788,16600,Mesin Aktif,Tidak Ada
06-10-2020,4707,16600,Mesin Aktif,Tidak Ada
07-10-2020,4786,16600,Mesin Aktif,Tidak Ada
08-10-2020,4888,16600,Mesin Aktif,Tidak Ada
09-10-2020,5034,16600,Mesin Aktif,Tidak Ada
10-10-2020,4989,16600,Mesin Aktif,Tidak Ada
11-10-2020,5139,16600,Mesin Aktif,Tidak Ada
12-10-2020,5264,16600,Mesin Aktif,Tidak Ada
13-10-2020,5058,16600,Mesin Aktif,Tidak Ada
14-10-2020,5021,16600,Mesin Aktif,Tidak Ada
15-10-2020,5031,16600,Mesin Aktif,Tidak Ada
16-10-2020,5028,16600,Mesin Aktif,Tidak Ada
17-10-2020,5098,16600,Mesin Aktif,Tidak Ada
18-10-2020,4946,16600,Mesin Aktif,Tidak Ada
19-10-2020,4918,16600,Mesin Aktif,Tidak Ada
20-10-2020,5036,16600,Mesin Aktif,Tidak Ada
21-10-2020,4881,16600,Mesin Aktif,Tidak Ada
22-10-2020,5003,16600,Mesin Aktif,Tidak Ada
23-10-2020,5015,16600,Mesin Aktif,Tidak Ada
24-10-2020,5158,16600,Mesin Aktif,Tidak Ada
25-10-2020,5077,16600,Mesin Aktif,Tidak Ada
26-10-2020,5023,16600,Mesin Aktif,Tidak Ada
27-10-2020,5013,16600,Mesin Aktif,Tidak Ada
28-10-2020,5162,16600,Mesin Aktif,Tidak Ada
29-10-2020,5396,16600,Mesin Aktif,Tidak Ada
30-10-2020,5432,16600,Mesin Aktif,Tidak Ada
31-10-2020,4822,16600,Mesin Aktif,Tidak Ada
01-11-2020,4909,16600,Mesin Aktif,Tidak Ada
02-11-2020,5032,16600,Mesin Aktif,Tidak Ada
03-11-2020,5062,16600,Mesin Aktif,Tidak Ada
04-11-2020,4839,16600,Mesin Aktif,Tidak Ada
05-11-2020,5144,16600,Mesin Aktif,Tidak Ada
06-11-2020,5215,16600,Mesin Aktif,Tidak Ada
07-11-2020,5279,16600,Mesin Aktif,Tidak Ada
08-11-2020,5196,16600,Mesin Aktif,Tidak Ada
09-11-2020,5053,16600,Mesin Aktif,Tidak Ada
10-11-2020,5071,16600,Mesin Aktif,Tidak Ada
11-11-2020,5135,16600,Mesin Aktif,Tidak Ada
12-11-2020,5442,16600,Mesin Aktif,Tidak Ada
13-11-2020,5532,16600,Mesin Aktif,Tidak Ada
14-11-2020,5609,16600,Mesin Aktif,Tidak Ada
15-11-2020,5152,16600,Mesin Aktif,Tidak Ada
16-11-2020,5243,16600,Mesin Aktif,Tidak Ada
17-11-2020,4969,16600,Mesin Aktif,Tidak Ada
18-11-2020,5177,16600,Mesin Aktif,Tidak Ada
19-11-2020,5320,16600,Mesin Aktif,Tidak Ada
20-11-2020,5347,16600,Mesin Aktif,Tidak Ada
21-11-2020,5422,16600,Mesin Aktif,Tidak Ada
22-11-2020,5094,16600,Mesin Aktif,Tidak Ada
23-11-2020,5059,16600,Mesin Aktif,Tidak Ada
24-11-2020,4823,16600,Mesin Aktif,Tidak Ada
25-11-2020,4809,16600,Mesin Aktif,Tidak Ada
26-11-2020,5110,16600,Mesin Aktif,Tidak Ada
27-11-2020,5189,16600,Mesin Aktif,Tidak Ada
28-11-2020,5106,16600,Mesin Aktif,Tidak Ada
29-11-2020,5122,16600,Mesin Aktif,Tidak Ada
30-11-2020,4595,16600,Mesin Aktif,Tidak Ada
01-12-2020,4569,16600,Mesin Aktif,Tidak Ada
02-12-2020,4946,16600,Mesin Aktif,Tidak Ada
03-12-2020,4956,16600,Mesin Aktif,Tidak Ada
04-12-2020,4984,16600,Mesin Aktif,Tidak Ada
05-12-2020,4958,16600,Mesin Aktif,Tidak Ada
06-12-2020,4947,16600,Mesin Aktif,Tidak Ada
07-12-2020,5097,16600,Mesin Aktif,Tidak Ada
08-12-2020,5144,16600,Mesin Aktif,Tidak Ada
09-12-2020,5045,16600,Mesin Aktif,Tidak Ada
10-12-2020,5193,16600,Mesin Aktif,Tidak Ada
11-12-2020,4981,16600,Mesin Aktif,Tidak Ada
12-12-2020,4825,16600,Mesin Aktif,Tidak Ada
13-12-2020,4653,16600,Mesin Aktif,Tidak Ada
14-12-2020,4353,16600,Mesin Aktif,Tidak Ada
15-12-2020,4556,16600,Mesin Aktif,Tidak Ada
16-12-2020,4657,16600,Mesin Aktif,Tidak Ada
17-12-2020,4884,16600,Mesin Aktif,Tidak Ada
18-12-2020,5023,16600,Mesin Aktif,Tidak Ada
19-12-2020,5183,16600,Mesin Aktif,Tidak Ada
20-12-2020,4869,16600,Mesin Aktif,Tidak Ada
21-12-2020,4896,16600,Mesin Aktif,Tidak Ada
22-12-2020,5219,16600,Mesin Aktif,Tidak Ada
23-12-2020,5346,16600,Mesin Aktif,Tidak Ada
24-12-2020,5720,16600,Mesin Aktif,Tidak Ada
25-12-2020,5712,16600,Mesin Aktif,Tidak Ada
26-12-2020,5988,16600,Mesin Aktif,Tidak Ada
27-12-2020,5683,16600,Mesin Aktif,Tidak Ada
28-12-2020,5694,16600,Mesin Aktif,Tidak Ada
29-12-2020,5699,16600,Mesin Aktif,Tidak Ada
30-12-2020,5610,16600,Mesin Aktif,Tidak Ada
31-12-2020,6068,16600,Mesin Aktif,Tidak Ada
01-01-2021,5833,16600,Mesin Aktif,Tidak Ada
02-01-2021,5665,16600,Mesin Aktif,Tidak Ada
03-01-2021,5318,16600,Mesin Aktif,Tidak Ada
04-01-2021,5038,16600,Mesin Aktif,Tidak Ada
05-01-2021,4973,16600,Mesin Aktif,Tidak Ada
06-01-2021,4936,16600,Mesin Aktif,Tidak Ada
07-01-2021,4903,16600,Mesin Aktif,Tidak Ada
08-01-2021,4699,16600,Mesin Aktif,Tidak Ada
09-01-2021,5028,16600,Mesin Aktif,Tidak Ada
10-01-2021,5095,16600,Mesin Aktif,Tidak Ada
11-01-2021,5289,16600,Mesin Aktif,Tidak Ada
12-01-2021,5188,16600,Mesin Aktif,Tidak Ada
13-01-2021,4802,16600,Mesin Aktif,Tidak Ada
14-01-2021,5190,16600,Mesin Aktif,Tidak Ada
15-01-2021,4847,16600,Mesin Aktif,Tidak Ada
16-01-2021,4734,16600,Mesin Aktif,Tidak Ada
17-01-2021,5036,16600,Mesin Aktif,Tidak Ada
18-01-2021,4955,16600,Mesin Aktif,Tidak Ada
19-01-2021,4759,16600,Mesin Aktif,Tidak Ada
20-01-2021,4703,16600,Mesin Aktif,Tidak Ada
21-01-2021,4870,16600,Mesin Aktif,Tidak Ada
22-01-2021,4672,16600,Mesin Aktif,Tidak Ada
23-01-2021,4635,16600,Mesin Aktif,Tidak Ada
24-01-2021,4786,16600,Mesin Aktif,Tidak Ada
25-01-2021,4586,16600,Mesin Aktif,Tidak Ada
26-01-2021,4829,16600,Mesin Aktif,Tidak Ada
27-01-2021,4896,16600,Mesin Aktif,Tidak Ada
28-01-2021,4891,16600,Mesin Aktif,Tidak Ada
29-01-2021,5004,16600,Mesin Aktif,Tidak Ada
30-01-2021,4655,16600,Mesin Aktif,Tidak Ada
31-01-2021,4795,16600,Mesin Aktif,Tidak Ada
01-02-2021,4942,16600,Mesin Aktif,Tidak Ada
02-02-2021,4618,16600,Mesin Aktif,Tidak Ada
03-02-2021,4593,16600,Mesin Aktif,Tidak Ada
04-02-2021,4756,16600,Mesin Aktif,Tidak Ada
05-02-2021,4795,16600,Mesin Aktif,Tidak Ada
06-02-2021,4415,16600,Mesin Aktif,Tidak Ada
07-02-2021,4681,16600,Mesin Aktif,Tidak Ada
08-02-2021,4598,16600,Mesin Aktif,Tidak Ada
09-02-2021,4815,16600,Mesin Aktif,Tidak Ada
10-02-2021,4809,16600,Mesin Aktif,Tidak Ada
11-02-2021,4526,16600,Mesin Aktif,Tidak Ada
12-02-2021,4863,16600,Mesin Aktif,Tidak Ada
13-02-2021,4854,16600,Mesin Aktif,Tidak Ada
14-02-2021,4910,16600,Mesin Aktif,Tidak Ada
15-02-2021,4873,16600,Mesin Aktif,Tidak Ada
16-02-2021,4966,16600,Mesin Aktif,Tidak Ada
17-02-2021,4959,16600,Mesin Aktif,Tidak Ada
18-02-2021,4994,16600,Mesin Aktif,Tidak Ada
19-02-2021,4398,16600,Mesin Aktif,Tidak Ada
20-02-2021,4804,16600,Mesin Aktif,Tidak Ada
21-02-2021,4925,16600,Mesin Aktif,Tidak Ada
22-02-2021,4454,16600,Mesin Aktif,Tidak Ada
23-02-2021,4586,16600,Mesin Aktif,Tidak Ada
24-02-2021,4739,16600,Mesin Aktif,Tidak Ada
25-02-2021,4913,16600,Mesin Aktif,Tidak Ada
26-02-2021,4920,16600,Mesin Aktif,Tidak Ada
27-02-2021,4580,16600,Mesin Aktif,Tidak Ada
28-02-2021,4498,16600,Mesin Aktif,Tidak Ada
01-03-2021,0,16600,Mesin Aktif,Tidak Ada
02-03-2021,4754,16600,Mesin Aktif,Tidak Ada
03-03-2021,4755,16600,Mesin Aktif,Tidak Ada
04-03-2021,4575,16600,Mesin Aktif,Tidak Ada
05-03-2021,4681,16600,Mesin Aktif,Tidak Ada
06-03-2021,4605,16600,Mesin Aktif,Tidak Ada
07-03-2021,4779,16600,Mesin Aktif,Tidak Ada
08-03-2021,4600,16600,Mesin Aktif,Tidak Ada
09-03-2021,4752,16600,Mesin Aktif,Tidak Ada
10-03-2021,4569,16600,Mesin Aktif,Tidak Ada
11-03-2021,4590,16600,Mesin Aktif,Tidak Ada
12-03-2021,4901,16600,Mesin Aktif,Tidak Ada
13-03-2021,4721,16600,Mesin Aktif,Tidak Ada
14-03-2021,4682,16600,Mesin Aktif,Tidak Ada
15-03-2021,0,16600,Mesin Aktif,Tidak Ada
16-03-2021,4740,16600,Mesin Aktif,Tidak Ada
17-03-2021,4734,16600,Mesin Aktif,Tidak Ada
18-03-2021,4796,16600,Mesin Aktif,Tidak Ada
19-03-2021,5007,16600,Mesin Aktif,Tidak Ada
20-03-2021,5149,16600,Mesin Aktif,Tidak Ada
21-03-2021,4959,16600,Mesin Aktif,Tidak Ada
22-03-2021,5049,16600,Mesin Aktif,Tidak Ada
23-03-2021,5067,16600,Mesin Aktif,Tidak Ada
24-03-2021,5052,16600,Mesin Aktif,Tidak Ada
25-03-2021,4912,16600,Mesin Aktif,Tidak Ada
26-03-2021,5021,16600,Mesin Aktif,Tidak Ada
27-03-2021,5131,16600,Mesin Aktif,Tidak Ada
28-03-2021,5342,16600,Mesin Aktif,Tidak Ada
29-03-2021,4861,16600,Mesin Aktif,Tidak Ada
30-03-2021,5008,16600,Mesin Aktif,Tidak Ada
31-03-2021,4984,16600,Mesin Aktif,Tidak Ada
01-04-2021,4848,16600,Mesin Aktif,Tidak Ada
02-04-2021,5001,16600,Mesin Aktif,Tidak Ada
03-04-2021,5246,16600,Mesin Aktif,Tidak Ada
04-04-2021,5412,16600,Mesin Aktif,Tidak Ada
05-04-2021,5099,16600,Mesin Aktif,Tidak Ada
06-04-2021,5109,16600,Mesin Aktif,Tidak Ada
07-04-2021,4839,16600,Mesin Aktif,Tidak Ada
08-04-2021,4890,16600,Mesin Aktif,Tidak Ada
09-04-2021,4872,16600,Mesin Aktif,Tidak Ada
10-04-2021,5080,16600,Mesin Aktif,Tidak Ada
11-04-2021,5409,16600,Mesin Aktif,Tidak Ada
12-04-2021,5193,16600,Mesin Aktif,Tidak Ada
13-04-2021,5181,16600,Mesin Aktif,Tidak Ada
14-04-2021,5144,16600,Mesin Aktif,Tidak Ada
15-04-2021,4951,16600,Mesin Aktif,Tidak Ada
16-04-2021,5109,16600,Mesin Aktif,Tidak Ada
17-04-2021,5172,16600,Mesin Aktif,Tidak Ada
18-04-2021,5161,16600,Mesin Aktif,Tidak Ada
19-04-2021,5051,16600,Mesin Aktif,Tidak Ada
20-04-2021,4873,16600,Mesin Aktif,Tidak Ada
21-04-2021,4856,16600,Mesin Aktif,Tidak Ada
22-04-2021,4819,16600,Mesin Aktif,Tidak Ada
23-04-2021,4922,16600,Mesin Aktif,Tidak Ada
24-04-2021,5047,16600,Mesin Aktif,Tidak Ada
25-04-2021,4861,16600,Mesin Aktif,Tidak Ada
26-04-2021,5094,16600,Mesin Aktif,Tidak Ada
27-04-2021,4942,16600,Mesin Aktif,Tidak Ada
28-04-2021,4883,16600,Mesin Aktif,Tidak Ada
29-04-2021,4840,16600,Mesin Aktif,Tidak Ada
30-04-2021,4938,16600,Mesin Aktif,Tidak Ada
01-05-2021,5041,16600,Mesin Aktif,Tidak Ada
02-05-2021,5165,16600,Mesin Aktif,Tidak Ada
03-05-2021,5060,16600,Mesin Aktif,Tidak Ada
04-05-2021,4928,16600,Mesin Aktif,Tidak Ada
05-05-2021,4787,16600,Mesin Aktif,Tidak Ada
06-05-2021,4910,16600,Mesin Aktif,Tidak Ada
07-05-2021,5040,16600,Mesin Aktif,Tidak Ada
08-05-2021,4872,16600,Mesin Aktif,Tidak Ada
09-05-2021,5068,16600,Mesin Aktif,Tidak Ada
10-05-2021,4826,16600,Mesin Aktif,Tidak Ada
11-05-2021,4892,16600,Mesin Aktif,Tidak Ada
12-05-2021,4850,16600,Mesin Aktif,Tidak Ada
13-05-2021,5001,16600,Mesin Aktif,Tidak Ada
14-05-2021,5505,16600,Mesin Aktif,Tidak Ada
15-05-2021,5610,16600,Mesin Aktif,Tidak Ada
16-05-2021,5487,16600,Mesin Aktif,Tidak Ada
17-05-2021,4914,16600,Mesin Aktif,Tidak Ada
18-05-2021,4820,16600,Mesin Aktif,Tidak Ada
19-05-2021,4880,16600,Mesin Aktif,Tidak Ada
20-05-2021,4714,16600,Mesin Aktif,Tidak Ada
21-05-2021,4974,16600,Mesin Aktif,Tidak Ada
22-05-2021,5096,16600,Mesin Aktif,Tidak Ada
23-05-2021,5190,16600,Mesin Aktif,Tidak Ada
24-05-2021,5063,16600,Mesin Aktif,Tidak Ada
25-05-2021,4923,16600,Mesin Aktif,Tidak Ada
26-05-2021,5011,16600,Mesin Aktif,Tidak Ada
27-05-2021,4933,16600,Mesin Aktif,Tidak Ada
28-05-2021,5191,16600,Mesin Aktif,Tidak Ada
29-05-2021,5154,16600,Mesin Aktif,Tidak Ada
30-05-2021,5181,16600,Mesin Aktif,Tidak Ada
31-05-2021,5110,16600,Mesin Aktif,Tidak Ada
01-06-2021,4964,16600,Mesin Aktif,Tidak Ada
02-06-2021,4849,16600,Mesin Aktif,Tidak Ada
03-06-2021,4297,16600,Mesin Aktif,Tidak Ada
04-06-2021,5093,16600,Mesin Aktif,Tidak Ada
05-06-2021,5156,16600,Mesin Aktif,Tidak Ada
06-06-2021,5130,16600,Mesin Aktif,Tidak Ada
07-06-2021,5117,16600,Mesin Aktif,Tidak Ada
08-06-2021,5012,16600,Mesin Aktif,Tidak Ada
09-06-2021,4893,16600,Mesin Aktif,Tidak Ada
10-06-2021,4981,16600,Mesin Aktif,Tidak Ada
11-06-2021,4966,16600,Mesin Aktif,Tidak Ada
12-06-2021,5141,16600,Mesin Aktif,Tidak Ada
13-06-2021,5057,16600,Mesin Aktif,Tidak Ada
14-06-2021,4934,16600,Mesin Aktif,Tidak Ada
15-06-2021,4958,16600,Mesin Aktif,Tidak Ada
16-06-2021,5102,16600,Mesin Aktif,Tidak Ada
17-06-2021,5065,16600,Mesin Aktif,Tidak Ada
18-06-2021,5107,16600,Mesin Aktif,Tidak Ada
19-06-2021,5190,16600,Mesin Aktif,Tidak Ada
20-06-2021,5272,16600,Mesin Aktif,Tidak Ada
21-06-2021,5087,16600,Mesin Aktif,Tidak Ada
22-06-2021,4941,16600,Mesin Aktif,Tidak Ada
23-06-2021,4922,16600,Mesin Aktif,Tidak Ada
24-06-2021,5035,16600,Mesin Aktif,Tidak Ada
25-06-2021,5029,16600,Mesin Aktif,Tidak Ada
26-06-2021,4945,16600,Mesin Aktif,Tidak Ada
27-06-2021,5244,16600,Mesin Aktif,Tidak Ada
28-06-2021,5154,16600,Mesin Aktif,Tidak Ada
29-06-2021,5137,16600,Mesin Aktif,Tidak Ada
30-06-2021,4961,16600,Mesin Aktif,Tidak Ada
01-07-2021,4989,16600,Mesin Aktif,Tidak Ada
02-07-2021,4959,16600,Mesin Aktif,Tidak Ada
03-07-2021,5004,16600,Mesin Aktif,Tidak Ada
04-07-2021,5117,16600,Mesin Aktif,Tidak Ada
05-07-2021,4859,16600,Mesin Aktif,Tidak Ada
06-07-2021,4719,16600,Mesin Aktif,Tidak Ada
07-07-2021,4793,16600,Mesin Aktif,Tidak Ada
08-07-2021,4760,16600,Mesin Aktif,Tidak Ada
09-07-2021,4886,16600,Mesin Aktif,Tidak Ada
10-07-2021,4934,16600,Mesin Aktif,Tidak Ada
11-07-2021,4994,16600,Mesin Aktif,Tidak Ada
12-07-2021,4984,16600,Mesin Aktif,Tidak Ada
13-07-2021,4938,16600,Mesin Aktif,Tidak Ada
14-07-2021,4724,16600,Mesin Aktif,Tidak Ada
15-07-2021,4610,16600,Mesin Aktif,Tidak Ada
16-07-2021,4695,16600,Mesin Aktif,Tidak Ada
17-07-2021,4753,16600,Mesin Aktif,Tidak Ada
18-07-2021,4575,16600,Mesin Aktif,Tidak Ada
19-07-2021,4602,16600,Mesin Aktif,Tidak Ada
20-07-2021,4715,16600,Mesin Aktif,Tidak Ada
21-07-2021,4766,16600,Mesin Aktif,Tidak Ada
22-07-2021,4688,16600,Mesin Aktif,Tidak Ada
23-07-2021,4676,16600,Mesin Aktif,Tidak Ada
24-07-2021,4678,16600,Mesin Aktif,Tidak Ada
25-07-2021,4338,16600,Mesin Aktif,Tidak Ada
26-07-2021,4482,16600,Mesin Aktif,Tidak Ada
27-07-2021,4456,16600,Mesin Aktif,Tidak Ada
28-07-2021,4593,16600,Mesin Aktif,Tidak Ada
29-07-2021,4623,16600,Mesin Aktif,Tidak Ada
30-07-2021,4604,16600,Mesin Aktif,Tidak Ada
31-07-2021,4544,16600,Mesin Aktif,Tidak Ada
01-08-2021,4656,16600,Mesin Aktif,Tidak Ada
02-08-2021,4628,16600,Mesin Aktif,Tidak Ada
03-08-2021,4420,16600,Mesin Aktif,Tidak Ada
04-08-2021,4534,16600,Mesin Aktif,Tidak Ada
05-08-2021,4591,16600,Mesin Aktif,Tidak Ada
06-08-2021,4648,16600,Mesin Aktif,Tidak Ada
07-08-2021,4973,16600,Mesin Aktif,Tidak Ada
08-08-2021,4789,16600,Mesin Aktif,Tidak Ada
09-08-2021,4744,16600,Mesin Aktif,Tidak Ada
10-08-2021,4726,16600,Mesin Aktif,Tidak Ada
11-08-2021,4678,16600,Mesin Aktif,Tidak Ada
12-08-2021,4471,16600,Mesin Aktif,Tidak Ada
13-08-2021,4641,16600,Mesin Aktif,Tidak Ada
14-08-2021,4829,16600,Mesin Aktif,Tidak Ada
15-08-2021,4973,16600,Mesin Aktif,Tidak Ada
16-08-2021,4905,16600,Mesin Aktif,Tidak Ada
17-08-2021,4777,16600,Mesin Aktif,Tidak Ada
18-08-2021,4772,16600,Mesin Aktif,Tidak Ada
19-08-2021,4756,16600,Mesin Aktif,Tidak Ada
20-08-2021,4747,16600,Mesin Aktif,Tidak Ada
21-08-2021,4814,16600,Mesin Aktif,Tidak Ada
22-08-2021,4922,16600,Mesin Aktif,Tidak Ada
23-08-2021,4543,16600,Mesin Aktif,Tidak Ada
24-08-2021,4675,16600,Mesin Aktif,Tidak Ada
25-08-2021,4673,16600,Mesin Aktif,Tidak Ada
26-08-2021,4698,16600,Mesin Aktif,Tidak Ada
27-08-2021,4697,16600,Mesin Aktif,Tidak Ada
28-08-2021,4823,16600,Mesin Aktif,Tidak Ada
29-08-2021,4605,16600,Mesin Aktif,Tidak Ada
30-08-2021,4789,16600,Mesin Aktif,Tidak Ada
31-08-2021,4751,16600,Mesin Aktif,Tidak Ada
01-09-2021,4692,16600,Mesin Aktif,Tidak Ada
02-09-2021,4618,16600,Mesin Aktif,Tidak Ada
03-09-2021,4742,16600,Mesin Aktif,Tidak Ada
04-09-2021,4889,16600,Mesin Aktif,Tidak Ada
05-09-2021,4873,16600,Mesin Aktif,Tidak Ada
06-09-2021,4737,16600,Mesin Aktif,Tidak Ada
07-09-2021,4763,16600,Mesin Aktif,Tidak Ada
08-09-2021,4714,16600,Mesin Aktif,Tidak Ada
09-09-2021,4782,16600,Mesin Aktif,Tidak Ada
10-09-2021,4805,16600,Mesin Aktif,Tidak Ada
11-09-2021,4917,16600,Mesin Aktif,Tidak Ada
12-09-2021,4740,16600,Mesin Aktif,Tidak Ada
13-09-2021,4654,16600,Mesin Aktif,Tidak Ada
14-09-2021,4874,16600,Mesin Aktif,Tidak Ada
15-09-2021,4974,16600,Mesin Aktif,Tidak Ada
16-09-2021,4898,16600,Mesin Aktif,Tidak Ada
17-09-2021,5010,16600,Mesin Aktif,Tidak Ada
18-09-2021,5005,16600,Mesin Aktif,Tidak Ada
19-09-2021,5151,16600,Mesin Aktif,Tidak Ada
20-09-2021,4987,16600,Mesin Aktif,Tidak Ada
21-09-2021,4893,16600,Mesin Aktif,Tidak Ada
22-09-2021,4628,16600,Mesin Aktif,Tidak Ada
23-09-2021,4942,16600,Mesin Aktif,Tidak Ada
24-09-2021,5019,16600,Mesin Aktif,Tidak Ada
25-09-2021,5257,16600,Mesin Aktif,Tidak Ada
26-09-2021,5092,16600,Mesin Aktif,Tidak Ada
27-09-2021,4992,16600,Mesin Aktif,Tidak Ada
28-09-2021,4880,16600,Mesin Aktif,Tidak Ada
29-09-2021,4869,16600,Mesin Aktif,Tidak Ada
30-09-2021,4928,16600,Mesin Aktif,Tidak Ada
01-10-2021,4990,16600,Mesin Aktif,Tidak Ada
02-10-2021,4980,16600,Mesin Aktif,Tidak Ada
03-10-2021,5243,16600,Mesin Aktif,Tidak Ada
04-10-2021,5032,16600,Mesin Aktif,Tidak Ada
05-10-2021,5060,16600,Mesin Aktif,Tidak Ada
06-10-2021,4906,16600,Mesin Aktif,Tidak Ada
07-10-2021,4731,16600,Mesin Aktif,Tidak Ada
08-10-2021,4962,16600,Mesin Aktif,Tidak Ada
09-10-2021,5022,16600,Mesin Aktif,Tidak Ada
10-10-2021,5311,16600,Mesin Aktif,Tidak Ada
11-10-2021,5073,16600,Mesin Aktif,Tidak Ada
12-10-2021,5065,16600,Mesin Aktif,Tidak Ada
13-10-2021,5038,16600,Mesin Aktif,Tidak Ada
14-10-2021,5019,16600,Mesin Aktif,Tidak Ada
15-10-2021,5094,16600,Mesin Aktif,Tidak Ada
16-10-2021,5452,16600,Mesin Aktif,Tidak Ada
17-10-2021,5494,16600,Mesin Aktif,Tidak Ada
18-10-2021,5366,16600,Mesin Aktif,Tidak Ada
19-10-2021,5495,16600,Mesin Aktif,Tidak Ada
20-10-2021,5567,16600,Mesin Aktif,Tidak Ada
21-10-2021,5224,16600,Mesin Aktif,Tidak Ada
22-10-2021,5501,16600,Mesin Aktif,Tidak Ada
23-10-2021,5544,16600,Mesin Aktif,Tidak Ada
24-10-2021,5551,16600,Mesin Aktif,Tidak Ada
25-10-2021,5354,16600,Mesin Aktif,Tidak Ada
26-10-2021,5274,16600,Mesin Aktif,Tidak Ada
27-10-2021,5288,16600,Mesin Aktif,Tidak Ada
28-10-2021,5104,16600,Mesin Aktif,Tidak Ada
29-10-2021,5396,16600,Mesin Aktif,Tidak Ada
30-10-2021,5497,16600,Mesin Aktif,Tidak Ada
31-10-2021,5398,16600,Mesin Aktif,Tidak Ada
01-11-2021,4997,16600,Mesin Aktif,Tidak Ada
02-11-2021,4610,16600,Mesin Aktif,Tidak Ada
03-11-2021,4854,16600,Mesin Aktif,Tidak Ada
04-11-2021,4994,16600,Mesin Aktif,Tidak Ada
05-11-2021,5147,16600,Mesin Aktif,Tidak Ada
06-11-2021,5321,16600,Mesin Aktif,Tidak Ada
07-11-2021,5551,16600,Mesin Aktif,Tidak Ada
08-11-2021,5515,16600,Mesin Aktif,Tidak Ada
09-11-2021,5433,16600,Mesin Aktif,Tidak Ada
10-11-2021,5795,16600,Mesin Aktif,Tidak Ada
11-11-2021,5315,16600,Mesin Aktif,Tidak Ada
12-11-2021,5207,16600,Mesin Aktif,Tidak Ada
13-11-2021,4879,16600,Mesin Aktif,Tidak Ada
14-11-2021,4985,16600,Mesin Aktif,Tidak Ada
15-11-2021,5030,16600,Mesin Aktif,Tidak Ada
16-11-2021,5218,16600,Mesin Aktif,Tidak Ada
17-11-2021,5170,16600,Mesin Aktif,Tidak Ada
18-11-2021,5386,16600,Mesin Aktif,Tidak Ada
19-11-2021,5445,16600,Mesin Aktif,Tidak Ada
20-11-2021,5371,16600,Mesin Aktif,Tidak Ada
21-11-2021,4830,16600,Mesin Aktif,Tidak Ada
22-11-2021,4902,16600,Mesin Aktif,Tidak Ada
23-11-2021,5262,16600,Mesin Aktif,Tidak Ada
24-11-2021,5284,16600,Mesin Aktif,Tidak Ada
25-11-2021,5283,16600,Mesin Aktif,Tidak Ada
26-11-2021,5356,16600,Mesin Aktif,Tidak Ada
27-11-2021,5442,16600,Mesin Aktif,Tidak Ada
28-11-2021,5229,16600,Mesin Aktif,Tidak Ada
29-11-2021,4632,16600,Mesin Aktif,Tidak Ada
30-11-2021,4660,16600,Mesin Aktif,Tidak Ada
01-12-2021,4669,16600,Mesin Aktif,Tidak Ada
02-12-2021,4716,16600,Mesin Aktif,Tidak Ada
03-12-2021,5072,16600,Mesin Aktif,Tidak Ada
04-12-2021,4894,16600,Mesin Aktif,Tidak Ada
05-12-2021,5058,16600,Mesin Aktif,Tidak Ada
06-12-2021,4474,16600,Mesin Aktif,Tidak Ada
07-12-2021,4566,16600,Mesin Aktif,Tidak Ada
08-12-2021,4666,16600,Mesin Aktif,Tidak Ada
09-12-2021,4728,16600,Mesin Aktif,Tidak Ada
10-12-2021,4967,16600,Mesin Aktif,Tidak Ada
11-12-2021,5121,16600,Mesin Aktif,Tidak Ada
12-12-2021,4863,16600,Mesin Aktif,Tidak Ada
13-12-2021,4903,16600,Mesin Aktif,Tidak Ada
14-12-2021,4915,16600,Mesin Aktif,Tidak Ada
15-12-2021,5044,16600,Mesin Aktif,Tidak Ada
16-12-2021,4833,16600,Mesin Aktif,Tidak Ada
17-12-2021,4833,16600,Mesin Aktif,Tidak Ada
18-12-2021,5443,16600,Mesin Aktif,Tidak Ada
19-12-2021,5409,16600,Mesin Aktif,Tidak Ada
20-12-2021,5117,16600,Mesin Aktif,Tidak Ada
21-12-2021,4971,16600,Mesin Aktif,Tidak Ada
22-12-2021,5233,16600,Mesin Aktif,Tidak Ada
23-12-2021,5336,16600,Mesin Aktif,Tidak Ada
24-12-2021,5448,16600,Mesin Aktif,Tidak Ada
25-12-2021,5621,16600,Mesin Aktif,Tidak Ada
26-12-2021,5753,16600,Mesin Aktif,Tidak Ada
27-12-2021,5735,16600,Mesin Aktif,Tidak Ada
28-12-2021,5656,16600,Mesin Aktif,Tidak Ada
29-12-2021,5641,16600,Mesin Aktif,Tidak Ada
30-12-2021,5150,16600,Mesin Aktif,Tidak Ada
31-12-2021,4924,16600,Mesin Aktif,Tidak Ada
01-01-2022,5386,16600,Mesin Aktif,Tidak Ada
02-01-2022,5597,16600,Mesin Aktif,Tidak Ada
03-01-2022,5281,16600,Mesin Aktif,Tidak Ada
04-01-2022,5161,16600,Mesin Aktif,Tidak Ada
05-01-2022,5063,16600,Mesin Aktif,Tidak Ada
06-01-2022,4948,16600,Mesin Aktif,Tidak Ada
07-01-2022,5084,16600,Mesin Aktif,Tidak Ada
08-01-2022,5151,16600,Mesin Aktif,Tidak Ada
09-01-2022,5138,16600,Mesin Aktif,Tidak Ada
10-01-2022,4992,16600,Mesin Aktif,Tidak Ada
11-01-2022,5090,16600,Mesin Aktif,Tidak Ada
12-01-2022,4858,16600,Mesin Aktif,Tidak Ada
13-01-2022,4741,16600,Mesin Aktif,Tidak Ada
14-01-2022,5097,16600,Mesin Aktif,Tidak Ada
15-01-2022,5286,16600,Mesin Aktif,Tidak Ada
16-01-2022,4943,16600,Mesin Aktif,Tidak Ada
17-01-2022,5095,16600,Mesin Aktif,Tidak Ada
18-01-2022,4789,16600,Mesin Aktif,Tidak Ada
19-01-2022,4826,16600,Mesin Aktif,Tidak Ada
20-01-2022,5047,16600,Mesin Aktif,Tidak Ada
21-01-2022,4787,16600,Mesin Aktif,Tidak Ada
22-01-2022,4943,16600,Mesin Aktif,Tidak Ada
23-01-2022,5243,16600,Mesin Aktif,Tidak Ada
24-01-2022,5045,16600,Mesin Aktif,Tidak Ada
25-01-2022,5138,16600,Mesin Aktif,Tidak Ada
26-01-2022,5192,16600,Mesin Aktif,Tidak Ada
27-01-2022,5401,16600,Mesin Aktif,Tidak Ada
28-01-2022,5057,16600,Mesin Aktif,Tidak Ada
29-01-2022,5218,16600,Mesin Aktif,Tidak Ada
30-01-2022,5546,16600,Mesin Aktif,Tidak Ada
31-01-2022,5295,16600,Mesin Aktif,Tidak Ada
01-02-2022,5310,16600,Mesin Aktif,Tidak Ada
02-02-2022,5065,16600,Mesin Aktif,Tidak Ada
03-02-2022,5325,16600,Mesin Aktif,Tidak Ada
04-02-2022,5397,16600,Mesin Aktif,Tidak Ada
05-02-2022,5216,16600,Mesin Aktif,Tidak Ada
06-02-2022,5097,16600,Mesin Aktif,Tidak Ada
07-02-2022,4769,16600,Mesin Aktif,Tidak Ada
08-02-2022,4812,16600,Mesin Aktif,Tidak Ada
09-02-2022,4891,16600,Mesin Aktif,Tidak Ada
10-02-2022,4821,16600,Mesin Aktif,Tidak Ada
11-02-2022,4722,16600,Mesin Aktif,Tidak Ada
12-02-2022,4998,16600,Mesin Aktif,Tidak Ada
13-02-2022,4983,16600,Mesin Aktif,Tidak Ada
14-02-2022,5057,16600,Mesin Aktif,Tidak Ada
15-02-2022,4830,16600,Mesin Aktif,Tidak Ada
16-02-2022,4911,16600,Mesin Aktif,Tidak Ada
17-02-2022,5061,16600,Mesin Aktif,Tidak Ada
18-02-2022,5177,16600,Mesin Aktif,Tidak Ada
19-02-2022,5371,16600,Mesin Aktif,Tidak Ada
20-02-2022,5412,16600,Mesin Aktif,Tidak Ada
21-02-2022,5330,16600,Mesin Aktif,Tidak Ada
22-02-2022,4478,16600,Mesin Aktif,Tidak Ada
23-02-2022,4939,16600,Mesin Aktif,Tidak Ada
24-02-2022,4692,16600,Mesin Aktif,Tidak Ada
25-02-2022,5174,16600,Mesin Aktif,Tidak Ada
26-02-2022,5119,16600,Mesin Aktif,Tidak Ada
27-02-2022,5093,16600,Mesin Aktif,Tidak Ada
28-02-2022,5366,16600,Mesin Aktif,Tidak Ada
01-03-2022,5074,16600,Mesin Aktif,Tidak Ada
02-03-2022,0,16600,Mesin Aktif,Tidak Ada
03-03-2022,5115,16600,Mesin Aktif,Tidak Ada
04-03-2022,4855,16600,Mesin Aktif,Tidak Ada
05-03-2022,0,16600,Mesin Aktif,Tidak Ada
06-03-2022,5438,16600,Mesin Aktif,Tidak Ada
07-03-2022,5480,16600,Mesin Aktif,Tidak Ada
08-03-2022,5218,16600,Mesin Aktif,Tidak Ada
09-03-2022,5469,16600,Mesin Aktif,Tidak Ada
10-03-2022,5312,16600,Mesin Aktif,Tidak Ada
11-03-2022,5145,16600,Mesin Aktif,Tidak Ada
12-03-2022,4998,16600,Mesin Aktif,Tidak Ada
13-03-2022,5447,16600,Mesin Aktif,Tidak Ada
14-03-2022,5805,16600,Mesin Aktif,Tidak Ada
15-03-2022,5514,16600,Mesin Aktif,Tidak Ada
16-03-2022,5313,16600,Mesin Aktif,Tidak Ada
17-03-2022,5468,16600,Mesin Aktif,Tidak Ada
18-03-2022,5476,16600,Mesin Aktif,Tidak Ada
19-03-2022,5473,16600,Mesin Aktif,Tidak Ada
20-03-2022,5239,16600,Mesin Aktif,Tidak Ada
21-03-2022,5274,16600,Mesin Aktif,Tidak Ada
22-03-2022,4875,16600,Mesin Aktif,Tidak Ada
23-03-2022,4970,16600,Mesin Aktif,Tidak Ada
24-03-2022,4970,16600,Mesin Aktif,Tidak Ada
25-03-2022,5334,16600,Mesin Aktif,Tidak Ada
26-03-2022,5553,16600,Mesin Aktif,Tidak Ada
27-03-2022,5787,16600,Mesin Aktif,Tidak Ada
28-03-2022,5651,16600,Mesin Aktif,Tidak Ada
29-03-2022,5310,16600,Mesin Aktif,Tidak Ada
30-03-2022,5549,16600,Mesin Aktif,Tidak Ada
31-03-2022,5381,16600,Mesin Aktif,Tidak Ada
01-04-2022,5503,16600,Mesin Aktif,Tidak Ada
02-04-2022,5674,16600,Mesin Aktif,Tidak Ada
03-04-2022,5366,16600,Mesin Aktif,Tidak Ada
04-04-2022,5416,16600,Mesin Aktif,Tidak Ada
05-04-2022,5471,16600,Mesin Aktif,Tidak Ada
06-04-2022,5523,16600,Mesin Aktif,Tidak Ada
07-04-2022,5213,16600,Mesin Aktif,Tidak Ada
08-04-2022,5441,16600,Mesin Aktif,Tidak Ada
09-04-2022,5769,16600,Mesin Aktif,Tidak Ada
10-04-2022,5921,16600,Mesin Aktif,Tidak Ada
11-04-2022,5773,16600,Mesin Aktif,Tidak Ada
12-04-2022,5701,16600,Mesin Aktif,Tidak Ada
13-04-2022,5799,16600,Mesin Aktif,Tidak Ada
14-04-2022,5856,16600,Mesin Aktif,Tidak Ada
15-04-2022,5784,16600,Mesin Aktif,Tidak Ada
16-04-2022,6078,16600,Mesin Aktif,Tidak Ada
17-04-2022,6610,16600,Mesin Aktif,Tidak Ada
18-04-2022,6294,16600,Mesin Aktif,Tidak Ada
19-04-2022,5887,16600,Mesin Aktif,Tidak Ada
20-04-2022,6010,16600,Mesin Aktif,Tidak Ada
21-04-2022,5520,16600,Mesin Aktif,Tidak Ada
22-04-2022,5551,16600,Mesin Aktif,Tidak Ada
23-04-2022,5869,16600,Mesin Aktif,Tidak Ada
24-04-2022,6003,16600,Mesin Aktif,Tidak Ada
25-04-2022,6291,16600,Mesin Aktif,Tidak Ada
26-04-2022,6108,16600,Mesin Aktif,Tidak Ada
27-04-2022,6031,16600,Mesin Aktif,Tidak Ada
28-04-2022,6121,16600,Mesin Aktif,Tidak Ada
29-04-2022,5902,16600,Mesin Aktif,Tidak Ada
30-04-2022,6287,16600,Mesin Aktif,Tidak Ada
01-05-2022,6668,16600,Mesin Aktif,Tidak Ada
02-05-2022,7204,16600,Mesin Aktif,Tidak Ada
03-05-2022,7677,16600,Mesin Aktif,Tidak Ada
04-05-2022,7634,16600,Mesin Aktif,Tidak Ada
05-05-2022,7272,16600,Mesin Aktif,Tidak Ada
06-05-2022,7235,16600,Mesin Aktif,Tidak Ada
07-05-2022,7123,16600,Mesin Aktif,Tidak Ada
08-05-2022,6941,16600,Mesin Aktif,Tidak Ada
09-05-2022,7030,16600,Mesin Aktif,Tidak Ada
10-05-2022,6688,16600,Mesin Aktif,Tidak Ada
11-05-2022,6627,16600,Mesin Aktif,Tidak Ada
12-05-2022,6472,16600,Mesin Aktif,Tidak Ada
13-05-2022,6581,16600,Mesin Aktif,Tidak Ada
14-05-2022,6665,16600,Mesin Aktif,Tidak Ada
15-05-2022,6825,16600,Mesin Aktif,Tidak Ada
16-05-2022,7069,16600,Mesin Aktif,Tidak Ada
17-05-2022,6652,16600,Mesin Aktif,Tidak Ada
18-05-2022,6712,16600,Mesin Aktif,Tidak Ada
19-05-2022,6625,16600,Mesin Aktif,Tidak Ada
20-05-2022,6560,16600,Mesin Aktif,Tidak Ada
21-05-2022,6723,16600,Mesin Aktif,Tidak Ada
22-05-2022,6834,16600,Mesin Aktif,Tidak Ada
23-05-2022,6865,16600,Mesin Aktif,Tidak Ada
24-05-2022,6665,16600,Mesin Aktif,Tidak Ada
25-05-2022,6759,16600,Mesin Aktif,Tidak Ada
26-05-2022,6816,16600,Mesin Aktif,Tidak Ada
27-05-2022,6883,16600,Mesin Aktif,Tidak Ada
28-05-2022,5934,16600,Mesin Aktif,Tidak Ada
29-05-2022,6666,16600,Mesin Aktif,Tidak Ada
30-05-2022,6943,16600,Mesin Aktif,Tidak Ada
31-05-2022,6807,16600,Mesin Aktif,Tidak Ada
01-06-2022,6971,16600,Mesin Aktif,Tidak Ada
02-06-2022,6983,16600,Mesin Aktif,Tidak Ada
03-06-2022,6503,16600,Mesin Aktif,Tidak Ada
04-06-2022,6940,16600,Mesin Aktif,Tidak Ada
05-06-2022,6678,16600,Mesin Aktif,Tidak Ada
06-06-2022,7033,16600,Mesin Aktif,Tidak Ada
07-06-2022,6767,16600,Mesin Aktif,Tidak Ada
08-06-2022,7011,16600,Mesin Aktif,Tidak Ada
09-06-2022,7337,16600,Mesin Aktif,Tidak Ada
10-06-2022,7095,16600,Mesin Aktif,Tidak Ada
11-06-2022,7232,16600,Mesin Aktif,Tidak Ada
12-06-2022,7213,16600,Mesin Aktif,Tidak Ada
13-06-2022,7428,16600,Mesin Aktif,Tidak Ada
14-06-2022,6650,16600,Mesin Aktif,Tidak Ada
15-06-2022,6913,16600,Mesin Aktif,Tidak Ada
16-06-2022,6944,16600,Mesin Aktif,Tidak Ada
17-06-2022,7196,16600,Mesin Aktif,Tidak Ada
18-06-2022,7280,16600,Mesin Aktif,Tidak Ada
19-06-2022,7169,16600,Mesin Aktif,Tidak Ada
20-06-2022,6915,16600,Mesin Aktif,Tidak Ada
21-06-2022,7245,16600,Mesin Aktif,Tidak Ada
22-06-2022,7129,16600,Mesin Aktif,Tidak Ada
23-06-2022,7087,16600,Mesin Aktif,Tidak Ada
24-06-2022,7080,16600,Mesin Aktif,Tidak Ada
25-06-2022,7023,16600,Mesin Aktif,Tidak Ada
26-06-2022,7294,16600,Mesin Aktif,Tidak Ada
27-06-2022,7257,16600,Mesin Aktif,Tidak Ada
28-06-2022,6624,16600,Mesin Aktif,Tidak Ada
29-06-2022,7165,16600,Mesin Aktif,Tidak Ada
30-06-2022,6820,16600,Mesin Aktif,Tidak Ada
01-07-2022,6776,16600,Mesin Aktif,Tidak Ada
02-07-2022,6945,16600,Mesin Aktif,Tidak Ada
03-07-2022,6919,16600,Mesin Aktif,Tidak Ada
04-07-2022,7579,16600,Mesin Aktif,Tidak Ada
05-07-2022,7639,16600,Mesin Aktif,Tidak Ada
06-07-2022,7840,16600,Mesin Aktif,Tidak Ada
07-07-2022,7406,16600,Mesin Aktif,Tidak Ada
08-07-2022,7283,16600,Mesin Aktif,Tidak Ada
09-07-2022,6759,16600,Mesin Aktif,Tidak Ada
10-07-2022,6975,16600,Mesin Aktif,Tidak Ada
11-07-2022,7122,16600,Mesin Aktif,Tidak Ada
12-07-2022,7379,16600,Mesin Aktif,Tidak Ada
13-07-2022,7608,16600,Mesin Aktif,Tidak Ada
14-07-2022,7512,16600,Mesin Aktif,Tidak Ada
15-07-2022,6815,16600,Mesin Aktif,Tidak Ada
16-07-2022,7155,16600,Mesin Aktif,Tidak Ada
17-07-2022,7385,16600,Mesin Aktif,Tidak Ada
18-07-2022,6809,16600,Mesin Aktif,Tidak Ada
19-07-2022,7032,16600,Mesin Aktif,Tidak Ada
20-07-2022,7179,16600,Mesin Aktif,Tidak Ada
21-07-2022,7268,16600,Mesin Aktif,Tidak Ada
22-07-2022,7076,16600,Mesin Aktif,Tidak Ada
23-07-2022,7058,16600,Mesin Aktif,Tidak Ada
24-07-2022,7304,16600,Mesin Aktif,Tidak Ada
25-07-2022,7163,16600,Mesin Aktif,Tidak Ada
26-07-2022,6927,16600,Mesin Aktif,Tidak Ada
27-07-2022,6878,16600,Mesin Aktif,Tidak Ada
28-07-2022,7075,16600,Mesin Aktif,Tidak Ada
29-07-2022,7366,16600,Mesin Aktif,Tidak Ada
30-07-2022,7485,16600,Mesin Aktif,Tidak Ada
31-07-2022,7390,16600,Mesin Aktif,Tidak Ada
01-08-2022,7524,16600,Mesin Aktif,Tidak Ada
02-08-2022,7417,16600,Mesin Aktif,Tidak Ada
03-08-2022,7821,16600,Mesin Aktif,Tidak Ada
04-08-2022,8017,16600,Mesin Aktif,Tidak Ada
05-08-2022,7970,16600,Mesin Aktif,Tidak Ada
06-08-2022,7712,16600,Mesin Aktif,Tidak Ada
07-08-2022,7656,16600,Mesin Aktif,Tidak Ada
08-08-2022,7968,16600,Mesin Aktif,Tidak Ada
09-08-2022,7562,16600,Mesin Aktif,Tidak Ada
10-08-2022,7523,16600,Mesin Aktif,Tidak Ada
11-08-2022,7603,16600,Mesin Aktif,Tidak Ada
12-08-2022,8016,16600,Mesin Aktif,Tidak Ada
13-08-2022,8281,16600,Mesin Aktif,Tidak Ada
14-08-2022,8648,16600,Mesin Aktif,Tidak Ada
15-08-2022,8469,16600,Mesin Aktif,Tidak Ada
16-08-2022,8591,16600,Mesin Aktif,Tidak Ada
17-08-2022,8594,16600,Mesin Aktif,Tidak Ada
18-08-2022,8462,16600,Mesin Aktif,Tidak Ada
19-08-2022,7869,16600,Mesin Aktif,Tidak Ada
20-08-2022,7838,16600,Mesin Aktif,Tidak Ada
21-08-2022,7940,16600,Mesin Aktif,Tidak Ada
22-08-2022,7634,16600,Mesin Aktif,Tidak Ada
23-08-2022,7978,16600,Mesin Aktif,Tidak Ada
24-08-2022,7826,16600,Mesin Aktif,Tidak Ada
25-08-2022,7775,16600,Mesin Aktif,Tidak Ada
26-08-2022,6947,16600,Mesin Aktif,Tidak Ada
27-08-2022,8140,16600,Mesin Aktif,Tidak Ada
28-08-2022,7798,16600,Mesin Aktif,Tidak Ada
29-08-2022,7580,16600,Mesin Aktif,Tidak Ada
30-08-2022,7330,16600,Mesin Aktif,Tidak Ada
31-08-2022,7742,16600,Mesin Aktif,Tidak Ada
01-09-2022,7755,16600,Mesin Aktif,Tidak Ada
02-09-2022,6945,16600,Mesin Aktif,Tidak Ada
03-09-2022,7928,16600,Mesin Aktif,Tidak Ada
04-09-2022,8061,16600,Mesin Aktif,Tidak Ada
05-09-2022,8114,16600,Mesin Aktif,Tidak Ada
06-09-2022,7913,16600,Mesin Aktif,Tidak Ada
07-09-2022,8135,16600,Mesin Aktif,Tidak Ada
08-09-2022,7839,16600,Mesin Aktif,Tidak Ada
09-09-2022,7602,16600,Mesin Aktif,Tidak Ada
10-09-2022,7983,16600,Mesin Aktif,Tidak Ada
11-09-2022,8230,16600,Mesin Aktif,Tidak Ada
12-09-2022,7928,16600,Mesin Aktif,Tidak Ada
13-09-2022,8197,16600,Mesin Aktif,Tidak Ada
14-09-2022,8376,16600,Mesin Aktif,Tidak Ada
15-09-2022,8263,16600,Mesin Aktif,Tidak Ada
16-09-2022,8201,16600,Mesin Aktif,Tidak Ada
17-09-2022,7891,16600,Mesin Aktif,Tidak Ada
18-09-2022,8167,16600,Mesin Aktif,Tidak Ada
19-09-2022,8292,16600,Mesin Aktif,Tidak Ada
20-09-2022,8276,16600,Mesin Aktif,Tidak Ada
21-09-2022,8028,16600,Mesin Aktif,Tidak Ada
22-09-2022,8087,16600,Mesin Aktif,Tidak Ada
23-09-2022,8136,16600,Mesin Aktif,Tidak Ada
24-09-2022,8454,16600,Mesin Aktif,Tidak Ada
25-09-2022,8491,16600,Mesin Aktif,Tidak Ada
26-09-2022,8516,16600,Mesin Aktif,Tidak Ada
27-09-2022,8507,16600,Mesin Aktif,Tidak Ada
28-09-2022,8515,16600,Mesin Aktif,Tidak Ada
29-09-2022,8324,16600,Mesin Aktif,Tidak Ada
30-09-2022,8432,16600,Mesin Aktif,Tidak Ada
01-10-2022,8507,16600,Mesin Aktif,Tidak Ada
02-10-2022,7762,16600,Mesin Aktif,Tidak Ada
03-10-2022,7979,16600,Mesin Aktif,Tidak Ada
04-10-2022,8427,16600,Mesin Aktif,Tidak Ada
05-10-2022,8186,16600,Mesin Aktif,Tidak Ada
06-10-2022,8186,16600,Mesin Aktif,Tidak Ada
07-10-2022,7676,16600,Mesin Aktif,Tidak Ada
08-10-2022,7234,16600,Mesin Aktif,Tidak Ada
09-10-2022,8023,16600,Mesin Aktif,Tidak Ada
10-10-2022,8483,16600,Mesin Aktif,Tidak Ada
11-10-2022,8372,16600,Mesin Aktif,Tidak Ada
12-10-2022,7608,16600,Mesin Aktif,Tidak Ada
13-10-2022,7608,16600,Mesin Aktif,Tidak Ada
14-10-2022,8144,16600,Mesin Aktif,Tidak Ada
15-10-2022,8146,16600,Mesin Aktif,Tidak Ada
16-10-2022,8146,16600,Mesin Aktif,Tidak Ada
17-10-2022,8428,16600,Mesin Aktif,Tidak Ada
18-10-2022,8349,16600,Mesin Aktif,Tidak Ada
19-10-2022,7672,16600,Mesin Aktif,Tidak Ada
20-10-2022,7065,16600,Mesin Aktif,Tidak Ada
21-10-2022,7791,16600,Mesin Aktif,Tidak Ada
22-10-2022,8439,16600,Mesin Aktif,Tidak Ada
23-10-2022,8707,16600,Mesin Aktif,Tidak Ada
24-10-2022,7729,16600,Mesin Aktif,Tidak Ada
25-10-2022,8585,16600,Mesin Aktif,Tidak Ada
26-10-2022,8202,16600,Mesin Aktif,Tidak Ada
27-10-2022,7408,16600,Mesin Aktif,Tidak Ada
28-10-2022,7723,16600,Mesin Aktif,Tidak Ada
29-10-2022,7230,16600,Mesin Aktif,Tidak Ada
30-10-2022,7071,16600,Mesin Aktif,Tidak Ada
31-10-2022,7573,16600,Mesin Aktif,Tidak Ada
01-11-2022,7579,16600,Mesin Aktif,Tidak Ada
02-11-2022,7812,16600,Mesin Aktif,Tidak Ada
03-11-2022,7935,16600,Mesin Aktif,Tidak Ada
04-11-2022,8070,16600,Mesin Aktif,Tidak Ada
05-11-2022,8334,16600,Mesin Aktif,Tidak Ada
06-11-2022,8295,16600,Mesin Aktif,Tidak Ada
07-11-2022,8190,16600,Mesin Aktif,Tidak Ada
08-11-2022,8132,16600,Mesin Aktif,Tidak Ada
09-11-2022,7694,16600,Mesin Aktif,Tidak Ada
10-11-2022,7277,16600,Mesin Aktif,Tidak Ada
11-11-2022,7811,16600,Mesin Aktif,Tidak Ada
12-11-2022,8113,16600,Mesin Aktif,Tidak Ada
13-11-2022,8315,16600,Mesin Aktif,Tidak Ada
14-11-2022,8479,16600,Mesin Aktif,Tidak Ada
15-11-2022,8299,16600,Mesin Aktif,Tidak Ada
16-11-2022,8176,16600,Mesin Aktif,Tidak Ada
17-11-2022,7695,16600,Mesin Aktif,Tidak Ada
18-11-2022,7261,16600,Mesin Aktif,Tidak Ada
19-11-2022,7984,16600,Mesin Aktif,Tidak Ada
20-11-2022,7637,16600,Mesin Aktif,Tidak Ada
21-11-2022,8045,16600,Mesin Aktif,Tidak Ada
22-11-2022,8010,16600,Mesin Aktif,Tidak Ada
23-11-2022,8367,16600,Mesin Aktif,Tidak Ada
24-11-2022,7381,16600,Mesin Aktif,Tidak Ada
25-11-2022,7292,16600,Mesin Aktif,Tidak Ada
26-11-2022,6964,16600,Mesin Aktif,Tidak Ada
27-11-2022,7390,16600,Mesin Aktif,Tidak Ada
28-11-2022,7435,16600,Mesin Aktif,Tidak Ada
29-11-2022,7490,16600,Mesin Aktif,Tidak Ada
30-11-2022,6683,16600,Mesin Aktif,Tidak Ada
01-12-2022,6951,16600,Mesin Aktif,Tidak Ada
02-12-2022,7381,16600,Mesin Aktif,Tidak Ada
03-12-2022,7398,16600,Mesin Aktif,Tidak Ada
04-12-2022,7832,16600,Mesin Aktif,Tidak Ada
05-12-2022,7982,16600,Mesin Aktif,Tidak Ada
06-12-2022,7794,16600,Mesin Aktif,Tidak Ada
07-12-2022,7957,16600,Mesin Aktif,Tidak Ada
08-12-2022,7877,16600,Mesin Aktif,Tidak Ada
09-12-2022,8078,16600,Mesin Aktif,Tidak Ada
10-12-2022,7986,16600,Mesin Aktif,Tidak Ada
11-12-2022,8173,16600,Mesin Aktif,Tidak Ada
12-12-2022,8147,16600,Mesin Aktif,Tidak Ada
13-12-2022,8060,16600,Mesin Aktif,Tidak Ada
14-12-2022,8516,16600,Mesin Aktif,Tidak Ada
15-12-2022,8479,16600,Mesin Aktif,Tidak Ada
16-12-2022,8077,16600,Mesin Aktif,Tidak Ada
17-12-2022,8216,16600,Mesin Aktif,Tidak Ada
18-12-2022,7902,16600,Mesin Aktif,Tidak Ada
19-12-2022,8041,16600,Mesin Aktif,Tidak Ada
20-12-2022,8106,16600,Mesin Aktif,Tidak Ada
21-12-2022,8312,16600,Mesin Aktif,Tidak Ada
22-12-2022,8272,16600,Mesin Aktif,Tidak Ada
23-12-2022,8324,16600,Mesin Aktif,Tidak Ada
24-12-2022,7537,16600,Mesin Aktif,Tidak Ada
25-12-2022,6842,16600,Mesin Aktif,Tidak Ada
26-12-2022,6573,16600,Mesin Aktif,Tidak Ada
27-12-2022,6564,16600,Mesin Aktif,Tidak Ada
28-12-2022,7924,16600,Mesin Aktif,Tidak Ada
29-12-2022,7930,16600,Mesin Aktif,Tidak Ada
30-12-2022,8569,16600,Mesin Aktif,Tidak Ada
31-12-2022,7978,16600,Mesin Aktif,Tidak Ada
01-01-2023,8227,16600,Mesin Aktif,Tidak Ada
02-01-2023,9318,16600,Mesin Aktif,Tidak Ada
03-01-2023,8722,16600,Mesin Aktif,Tidak Ada
04-01-2023,8287,16600,Mesin Aktif,Tidak Ada
05-01-2023,9054,16600,Mesin Aktif,Tidak Ada
06-01-2023,8789,16600,Mesin Aktif,Tidak Ada
07-01-2023,8562,16600,Mesin Aktif,Tidak Ada
08-01-2023,8220,16600,Mesin Aktif,Tidak Ada
09-01-2023,8239,16600,Mesin Aktif,Tidak Ada
10-01-2023,7990,16600,Mesin Aktif,Tidak Ada
11-01-2023,7778,16600,Mesin Aktif,Tidak Ada
12-01-2023,8119,16600,Mesin Aktif,Tidak Ada
13-01-2023,8026,16600,Mesin Aktif,Tidak Ada
14-01-2023,8003,16600,Mesin Aktif,Tidak Ada
15-01-2023,8027,16600,Mesin Aktif,Tidak Ada
16-01-2023,7788,16600,Mesin Aktif,Tidak Ada
17-01-2023,7530,16600,Mesin Aktif,Tidak Ada
18-01-2023,7088,16600,Mesin Aktif,Tidak Ada
19-01-2023,7686,16600,Mesin Aktif,Tidak Ada
20-01-2023,7968,16600,Mesin Aktif,Tidak Ada
21-01-2023,7838,16600,Mesin Aktif,Tidak Ada
22-01-2023,7675,16600,Mesin Aktif,Tidak Ada
23-01-2023,8249,16600,Mesin Aktif,Tidak Ada
24-01-2023,8367,16600,Mesin Aktif,Tidak Ada
25-01-2023,7927,16600,Mesin Aktif,Tidak Ada
26-01-2023,8338,16600,Mesin Aktif,Tidak Ada
27-01-2023,8497,16600,Mesin Aktif,Tidak Ada
28-01-2023,7401,16600,Mesin Aktif,Tidak Ada
29-01-2023,7243,16600,Mesin Aktif,Tidak Ada
30-01-2023,7096,16600,Mesin Aktif,Tidak Ada
31-01-2023,7961,16600,Mesin Aktif,Tidak Ada
01-02-2023,7683,16600,Mesin Aktif,Tidak Ada
02-02-2023,7434,16600,Mesin Aktif,Tidak Ada
03-02-2023,7818,16600,Mesin Aktif,Tidak Ada
04-02-2023,7480,16600,Mesin Aktif,Tidak Ada
05-02-2023,7744,16600,Mesin Aktif,Tidak Ada
06-02-2023,7313,16600,Mesin Aktif,Tidak Ada
07-02-2023,6778,16600,Mesin Aktif,Tidak Ada
08-02-2023,7017,16600,Mesin Aktif,Tidak Ada
09-02-2023,7635,16600,Mesin Aktif,Tidak Ada
10-02-2023,8015,16600,Mesin Aktif,Tidak Ada
11-02-2023,7889,16600,Mesin Aktif,Tidak Ada
12-02-2023,8003,16600,Mesin Aktif,Tidak Ada
13-02-2023,7389,16600,Mesin Aktif,Tidak Ada
14-02-2023,8077,16600,Mesin Aktif,Tidak Ada
15-02-2023,6742,16600,Mesin Aktif,Tidak Ada
16-02-2023,6858,16600,Mesin Aktif,Tidak Ada
17-02-2023,7675,16600,Mesin Aktif,Tidak Ada
18-02-2023,8441,16600,Mesin Aktif,Tidak Ada
19-02-2023,7941,16600,Mesin Aktif,Tidak Ada
20-02-2023,8570,16600,Mesin Aktif,Tidak Ada
21-02-2023,7903,16600,Mesin Aktif,Tidak Ada
22-02-2023,7958,16600,Mesin Aktif,Tidak Ada
23-02-2023,8198,16600,Mesin Aktif,Tidak Ada
24-02-2023,7703,16600,Mesin Aktif,Tidak Ada
25-02-2023,7980,16600,Mesin Aktif,Tidak Ada
26-02-2023,7923,16600,Mesin Aktif,Tidak Ada
27-02-2023,7923,16600,Mesin Aktif,Tidak Ada
28-02-2023,7683,16600,Mesin Aktif,Tidak Ada
01-03-2023,7797,16600,Mesin Aktif,Tidak Ada
02-03-2023,8360,16600,Mesin Aktif,Tidak Ada
03-03-2023,0,16600,Mesin Aktif,Tidak Ada
04-03-2023,8086,16600,Mesin Aktif,Tidak Ada
05-03-2023,8493,16600,Mesin Aktif,Tidak Ada
06-03-2023,8312,16600,Mesin Aktif,Tidak Ada
07-03-2023,8685,16600,Mesin Aktif,Tidak Ada
08-03-2023,9085,16600,Mesin Aktif,Tidak Ada
09-03-2023,8107,16600,Mesin Aktif,Tidak Ada
10-03-2023,8220,16600,Mesin Aktif,Tidak Ada
11-03-2023,8607,16600,Mesin Aktif,Tidak Ada
12-03-2023,8607,16600,Mesin Aktif,Tidak Ada
13-03-2023,9061,16600,Mesin Aktif,Tidak Ada
14-03-2023,10025,16600,Mesin Aktif,Tidak Ada
15-03-2023,9934,16600,Mesin Aktif,Tidak Ada
16-03-2023,9596,16600,Mesin Aktif,Tidak Ada
17-03-2023,8623,16600,Mesin Aktif,Tidak Ada
18-03-2023,8886,16600,Mesin Aktif,Tidak Ada
19-03-2023,9266,16600,Mesin Aktif,Tidak Ada
20-03-2023,9053,16600,Mesin Aktif,Tidak Ada
21-03-2023,9426,16600,Mesin Aktif,Tidak Ada
22-03-2023,9207,16600,Mesin Aktif,Tidak Ada
23-03-2023,8577,16600,Mesin Aktif,Tidak Ada
24-03-2023,7256,16600,Mesin Aktif,Tidak Ada
25-03-2023,0,16600,Mesin Aktif,Tidak Ada
26-03-2023,9627,16600,Mesin Aktif,Tidak Ada
27-03-2023,10026,16600,Mesin Aktif,Tidak Ada
28-03-2023,10297,16600,Mesin Aktif,Tidak Ada
29-03-2023,8807,16600,Mesin Aktif,Tidak Ada
30-03-2023,9184,16600,Mesin Aktif,Tidak Ada
31-03-2023,9182,16600,Mesin Aktif,Tidak Ada
01-04-2023,9152,16600,Mesin Aktif,Tidak Ada
02-04-2023,9194,16600,Mesin Aktif,Tidak Ada
03-04-2023,8746,16600,Mesin Aktif,Tidak Ada
04-04-2023,8541,16600,Mesin Aktif,Tidak Ada
05-04-2023,8921,16600,Mesin Aktif,Tidak Ada
06-04-2023,8911,16600,Mesin Aktif,Tidak Ada
07-04-2023,9599,16600,Mesin Aktif,Tidak Ada
08-04-2023,9599,16600,Mesin Aktif,Tidak Ada
09-04-2023,9759,16600,Mesin Aktif,Tidak Ada
10-04-2023,9251,16600,Mesin Aktif,Tidak Ada
11-04-2023,9251,16600,Mesin Aktif,Tidak Ada
12-04-2023,9546,16600,Mesin Aktif,Tidak Ada
13-04-2023,9546,16600,Mesin Aktif,Tidak Ada
14-04-2023,9152,16600,Mesin Aktif,Tidak Ada
15-04-2023,9404,16600,Mesin Aktif,Tidak Ada
16-04-2023,8014,16600,Mesin Aktif,Tidak Ada
17-04-2023,8867,16600,Mesin Aktif,Tidak Ada
18-04-2023,9534,16600,Mesin Aktif,Tidak Ada
19-04-2023,9723,16600,Mesin Aktif,Tidak Ada
20-04-2023,9723,16600,Mesin Aktif,Tidak Ada
21-04-2023,10070,16600,Mesin Aktif,Tidak Ada
22-04-2023,9898,16600,Mesin Aktif,Tidak Ada
23-04-2023,9737,16600,Mesin Aktif,Tidak Ada
24-04-2023,9816,16600,Mesin Aktif,Tidak Ada
25-04-2023,10580,16600,Mesin Aktif,Tidak Ada
26-04-2023,10575,16600,Mesin Aktif,Tidak Ada
27-04-2023,10721,16600,Mesin Aktif,Tidak Ada
28-04-2023,10609,16600,Mesin Aktif,Tidak Ada
29-04-2023,10251,16600,Mesin Aktif,Tidak Ada
30-04-2023,10174,16600,Mesin Aktif,Tidak Ada
01-05-2023,10049,16600,Mesin Aktif,Tidak Ada
02-05-2023,9493,16600,Mesin Aktif,Tidak Ada
03-05-2023,9975,16600,Mesin Aktif,Tidak Ada
04-05-2023,9964,16600,Mesin Aktif,Tidak Ada
05-05-2023,10297,16600,Mesin Aktif,Tidak Ada
06-05-2023,10053,16600,Mesin Aktif,Tidak Ada
07-05-2023,10128,16600,Mesin Aktif,Tidak Ada
08-05-2023,10107,16600,Mesin Aktif,Tidak Ada
09-05-2023,9967,16600,Mesin Aktif,Tidak Ada
10-05-2023,9921,16600,Mesin Aktif,Tidak Ada
11-05-2023,10122,16600,Mesin Aktif,Tidak Ada
12-05-2023,9694,16600,Mesin Aktif,Tidak Ada
13-05-2023,9949,16600,Mesin Aktif,Tidak Ada
14-05-2023,10310,16600,Mesin Aktif,Tidak Ada
15-05-2023,10115,16600,Mesin Aktif,Tidak Ada
16-05-2023,9879,16600,Mesin Aktif,Tidak Ada
17-05-2023,9322,16600,Mesin Aktif,Tidak Ada
18-05-2023,9296,16600,Mesin Aktif,Tidak Ada
19-05-2023,9079,16600,Mesin Aktif,Tidak Ada
20-05-2023,9029,16600,Mesin Aktif,Tidak Ada
21-05-2023,9896,16600,Mesin Aktif,Tidak Ada
22-05-2023,9875,16600,Mesin Aktif,Tidak Ada
23-05-2023,9527,16600,Mesin Aktif,Tidak Ada
24-05-2023,9785,16600,Mesin Aktif,Tidak Ada
25-05-2023,9477,16600,Mesin Aktif,Tidak Ada
26-05-2023,9862,16600,Mesin Aktif,Tidak Ada
27-05-2023,9821,16600,Mesin Aktif,Tidak Ada
28-05-2023,9650,16600,Mesin Aktif,Tidak Ada
29-05-2023,9869,16600,Mesin Aktif,Tidak Ada
30-05-2023,9096,16600,Mesin Aktif,Tidak Ada
31-05-2023,9288,16600,Mesin Aktif,Tidak Ada
01-06-2023,9472,16600,Mesin Aktif,Tidak Ada
02-06-2023,9710,16600,Mesin Aktif,Tidak Ada
03-06-2023,9716,16600,Mesin Aktif,Tidak Ada
04-06-2023,9031,16600,Mesin Aktif,Tidak Ada
05-06-2023,10486,16600,Mesin Aktif,Tidak Ada
06-06-2023,9473,16600,Mesin Aktif,Tidak Ada
07-06-2023,9467,16600,Mesin Aktif,Tidak Ada
08-06-2023,9796,16600,Mesin Aktif,Tidak Ada
09-06-2023,9260,16600,Mesin Aktif,Tidak Ada
10-06-2023,9895,16600,Mesin Aktif,Tidak Ada
11-06-2023,9834,16600,Mesin Aktif,Tidak Ada
12-06-2023,9369,16600,Mesin Aktif,Tidak Ada
13-06-2023,10101,16600,Mesin Aktif,Tidak Ada
14-06-2023,9834,16600,Mesin Aktif,Tidak Ada
15-06-2023,10089,16600,Mesin Aktif,Tidak Ada
16-06-2023,9594,16600,Mesin Aktif,Tidak Ada
17-06-2023,9556,16600,Mesin Aktif,Tidak Ada
18-06-2023,9860,16600,Mesin Aktif,Tidak Ada
19-06-2023,9853,16600,Mesin Aktif,Tidak Ada
20-06-2023,9902,16600,Mesin Aktif,Tidak Ada
21-06-2023,9651,16600,Mesin Aktif,Tidak Ada
22-06-2023,9956,16600,Mesin Aktif,Tidak Ada
23-06-2023,10191,16600,Mesin Aktif,Tidak Ada
24-06-2023,10100,16600,Mesin Aktif,Tidak Ada
25-06-2023,9857,16600,Mesin Aktif,Tidak Ada
26-06-2023,10122,16600,Mesin Aktif,Tidak Ada
27-06-2023,10340,16600,Mesin Aktif,Tidak Ada
28-06-2023,10501,16600,Mesin Aktif,Tidak Ada
29-06-2023,9617,16600,Mesin Aktif,Tidak Ada
30-06-2023,10667,16600,Mesin Aktif,Tidak Ada
01-07-2023,10799,16600,Mesin Aktif,Tidak Ada
02-07-2023,10745,16600,Mesin Aktif,Tidak Ada
03-07-2023,10691,16600,Mesin Aktif,Tidak Ada
04-07-2023,8872,16600,Mesin Aktif,Tidak Ada
05-07-2023,8861,16600,Mesin Aktif,Tidak Ada
06-07-2023,9844,16600,Mesin Aktif,Tidak Ada
07-07-2023,9839,16600,Mesin Aktif,Tidak Ada
08-07-2023,10051,16600,Mesin Aktif,Tidak Ada
09-07-2023,9955,16600,Mesin Aktif,Tidak Ada
10-07-2023,8613,16600,Mesin Aktif,Tidak Ada
11-07-2023,9096,16600,Mesin Aktif,Tidak Ada
12-07-2023,9750,16600,Mesin Aktif,Tidak Ada
13-07-2023,10207,16600,Mesin Aktif,Tidak Ada
14-07-2023,9711,16600,Mesin Aktif,Tidak Ada
15-07-2023,9759,16600,Mesin Aktif,Tidak Ada
16-07-2023,9977,16600,Mesin Aktif,Tidak Ada
17-07-2023,9477,16600,Mesin Aktif,Tidak Ada
18-07-2023,10203,16600,Mesin Aktif,Tidak Ada
19-07-2023,9807,16600,Mesin Aktif,Tidak Ada
20-07-2023,10021,16600,Mesin Aktif,Tidak Ada
21-07-2023,10157,16600,Mesin Aktif,Tidak Ada
22-07-2023,9868,16600,Mesin Aktif,Tidak Ada
23-07-2023,10157,16600,Mesin Aktif,Tidak Ada
24-07-2023,9954,16600,Mesin Aktif,Tidak Ada
25-07-2023,9950,16600,Mesin Aktif,Tidak Ada
26-07-2023,9713,16600,Mesin Aktif,Tidak Ada
27-07-2023,10576,16600,Mesin Aktif,Tidak Ada
28-07-2023,10257,16600,Mesin Aktif,Tidak Ada
29-07-2023,9811,16600,Mesin Aktif,Tidak Ada
30-07-2023,9623,16600,Mesin Aktif,Tidak Ada
31-07-2023,9677,16600,Mesin Aktif,Tidak Ada
01-08-2023,9456,16600,Mesin Aktif,Tidak Ada
02-08-2023,9958,16600,Mesin Aktif,Tidak Ada
03-08-2023,10312,16600,Mesin Aktif,Tidak Ada
04-08-2023,10881,16600,Mesin Aktif,Tidak Ada
05-08-2023,10224,16600,Mesin Aktif,Tidak Ada
06-08-2023,10488,16600,Mesin Aktif,Tidak Ada
07-08-2023,9945,16600,Mesin Aktif,Tidak Ada
08-08-2023,10616,16600,Mesin Aktif,Tidak Ada
09-08-2023,10926,16600,Mesin Aktif,Tidak Ada
10-08-2023,10586,16600,Mesin Aktif,Tidak Ada
11-08-2023,10689,16600,Mesin Aktif,Tidak Ada
12-08-2023,10353,16600,Mesin Aktif,Tidak Ada
13-08-2023,10218,16600,Mesin Aktif,Tidak Ada
14-08-2023,10447,16600,Mesin Aktif,Tidak Ada
15-08-2023,10190,16600,Mesin Aktif,Tidak Ada
16-08-2023,10353,16600,Mesin Aktif,Tidak Ada
17-08-2023,10454,16600,Mesin Aktif,Tidak Ada
18-08-2023,10543,16600,Mesin Aktif,Tidak Ada
19-08-2023,10298,16600,Mesin Aktif,Tidak Ada
20-08-2023,9982,16600,Mesin Aktif,Tidak Ada
21-08-2023,10241,16600,Mesin Aktif,Tidak Ada
22-08-2023,10335,16600,Mesin Aktif,Tidak Ada
23-08-2023,10652,16600,Mesin Aktif,Tidak Ada
24-08-2023,10666,16600,Mesin Aktif,Tidak Ada
25-08-2023,10302,16600,Mesin Aktif,Tidak Ada
26-08-2023,10146,16600,Mesin Aktif,Tidak Ada
27-08-2023,10474,16600,Mesin Aktif,Tidak Ada
28-08-2023,10594,16600,Mesin Aktif,Tidak Ada
29-08-2023,10247,16600,Mesin Aktif,Tidak Ada
30-08-2023,10385,16600,Mesin Aktif,Tidak Ada
31-08-2023,10454,16600,Mesin Aktif,Tidak Ada
01-09-2023,10524,16600,Mesin Aktif,Tidak Ada
02-09-2023,10872,16600,Mesin Aktif,Tidak Ada
03-09-2023,10074,16600,Mesin Aktif,Tidak Ada
04-09-2023,10277,16600,Mesin Aktif,Tidak Ada
05-09-2023,10271,16600,Mesin Aktif,Tidak Ada
06-09-2023,9866,16600,Mesin Aktif,Tidak Ada
07-09-2023,9775,16600,Mesin Aktif,Tidak Ada
08-09-2023,10147,16600,Mesin Aktif,Tidak Ada
09-09-2023,9484,16600,Mesin Aktif,Tidak Ada
10-09-2023,9951,16600,Mesin Aktif,Tidak Ada
11-09-2023,10139,16600,Mesin Aktif,Tidak Ada
12-09-2023,10557,16600,Mesin Aktif,Tidak Ada
13-09-2023,10252,16600,Mesin Aktif,Tidak Ada
14-09-2023,10758,16600,Mesin Aktif,Tidak Ada
15-09-2023,10973,16600,Mesin Aktif,Tidak Ada
16-09-2023,10990,16600,Mesin Aktif,Tidak Ada
17-09-2023,10739,16600,Mesin Aktif,Tidak Ada
18-09-2023,10995,16600,Mesin Aktif,Tidak Ada
19-09-2023,11255,16600,Mesin Aktif,Tidak Ada
20-09-2023,11115,16600,Mesin Aktif,Tidak Ada
21-09-2023,10953,16600,Mesin Aktif,Tidak Ada
22-09-2023,10641,16600,Mesin Aktif,Tidak Ada
23-09-2023,10610,16600,Mesin Aktif,Tidak Ada
24-09-2023,10712,16600,Mesin Aktif,Tidak Ada
25-09-2023,10818,16600,Mesin Aktif,Tidak Ada
26-09-2023,11169,16600,Mesin Aktif,Tidak Ada
27-09-2023,11368,16600,Mesin Aktif,Tidak Ada
28-09-2023,11189,16600,Mesin Aktif,Tidak Ada
29-09-2023,11158,16600,Mesin Aktif,Tidak Ada
30-09-2023,11418,16600,Mesin Aktif,Tidak Ada
01-10-2023,11835,16600,Mesin Aktif,Tidak Ada
02-10-2023,10831,16600,Mesin Aktif,Tidak Ada
03-10-2023,10420,16600,Mesin Aktif,Tidak Ada
04-10-2023,11165,16600,Mesin Aktif,Tidak Ada
05-10-2023,11265,16600,Mesin Aktif,Tidak Ada
06-10-2023,11460,16600,Mesin Aktif,Tidak Ada
07-10-2023,11619,16600,Mesin Aktif,Tidak Ada
08-10-2023,11659,16600,Mesin Aktif,Tidak Ada
09-10-2023,11642,16600,Mesin Aktif,Tidak Ada
10-10-2023,11907,16600,Mesin Aktif,Tidak Ada
11-10-2023,11553,16600,Mesin Aktif,Tidak Ada
12-10-2023,11547,16600,Mesin Aktif,Tidak Ada
13-10-2023,11610,16600,Mesin Aktif,Tidak Ada
14-10-2023,11220,16600,Mesin Aktif,Tidak Ada
15-10-2023,11600,16600,Mesin Aktif,Tidak Ada
16-10-2023,11832,16600,Mesin Aktif,Tidak Ada
17-10-2023,11809,16600,Mesin Aktif,Tidak Ada
18-10-2023,11671,16600,Mesin Aktif,Tidak Ada
19-10-2023,11388,16600,Mesin Aktif,Tidak Ada
20-10-2023,11341,16600,Mesin Aktif,Tidak Ada
21-10-2023,11303,16600,Mesin Aktif,Tidak Ada
22-10-2023,11360,16600,Mesin Aktif,Tidak Ada
23-10-2023,11378,16600,Mesin Aktif,Tidak Ada
24-10-2023,11457,16600,Mesin Aktif,Tidak Ada
25-10-2023,11237,16600,Mesin Aktif,Tidak Ada
26-10-2023,11318,16600,Mesin Aktif,Tidak Ada
27-10-2023,11421,16600,Mesin Aktif,Tidak Ada
28-10-2023,11168,16600,Mesin Aktif,Tidak Ada
29-10-2023,11306,16600,Mesin Aktif,Tidak Ada
30-10-2023,10914,16600,Mesin Aktif,Tidak Ada
31-10-2023,11171,16600,Mesin Aktif,Tidak Ada
01-11-2023,10876,16600,Mesin Aktif,Tidak Ada
02-11-2023,11116,16600,Mesin Aktif,Tidak Ada
03-11-2023,11022,16600,Mesin Aktif,Tidak Ada
04-11-2023,10874,16600,Mesin Aktif,Tidak Ada
05-11-2023,11019,16600,Mesin Aktif,Tidak Ada
06-11-2023,10998,16600,Mesin Aktif,Tidak Ada
07-11-2023,11197,16600,Mesin Aktif,Tidak Ada
08-11-2023,10917,16600,Mesin Aktif,Tidak Ada
09-11-2023,10796,16600,Mesin Aktif,Tidak Ada
10-11-2023,10863,16600,Mesin Aktif,Tidak Ada
11-11-2023,11102,16600,Mesin Aktif,Tidak Ada
12-11-2023,11066,16600,Mesin Aktif,Tidak Ada
13-11-2023,10981,16600,Mesin Aktif,Tidak Ada
14-11-2023,11085,16600,Mesin Aktif,Tidak Ada
15-11-2023,10960,16600,Mesin Aktif,Tidak Ada
16-11-2023,10651,16600,Mesin Aktif,Tidak Ada
17-11-2023,10405,16600,Mesin Aktif,Tidak Ada
18-11-2023,10186,16600,Mesin Aktif,Tidak Ada
19-11-2023,10309,16600,Mesin Aktif,Tidak Ada
20-11-2023,10353,16600,Mesin Aktif,Tidak Ada
21-11-2023,10388,16600,Mesin Aktif,Tidak Ada
22-11-2023,9972,16600,Mesin Aktif,Tidak Ada
23-11-2023,10242,16600,Mesin Aktif,Tidak Ada
24-11-2023,10731,16600,Mesin Aktif,Tidak Ada
25-11-2023,10950,16600,Mesin Aktif,Tidak Ada
26-11-2023,10983,16600,Mesin Aktif,Tidak Ada
27-11-2023,10775,16600,Mesin Aktif,Tidak Ada
28-11-2023,10627,16600,Mesin Aktif,Tidak Ada
29-11-2023,10456,16600,Mesin Aktif,Tidak Ada
30-11-2023,10163,16600,Mesin Aktif,Tidak Ada
01-12-2023,10315,16600,Mesin Aktif,Tidak Ada
02-12-2023,9468,16600,Mesin Aktif,Tidak Ada
03-12-2023,10060,16600,Mesin Aktif,Tidak Ada
04-12-2023,9630,16600,Mesin Aktif,Tidak Ada
05-12-2023,9672,16600,Mesin Aktif,Tidak Ada
06-12-2023,9737,16600,Mesin Aktif,Tidak Ada
07-12-2023,9436,16600,Mesin Aktif,Tidak Ada
08-12-2023,9455,16600,Mesin Aktif,Tidak Ada
09-12-2023,9883,16600,Mesin Aktif,Tidak Ada
10-12-2023,10360,16600,Mesin Aktif,Tidak Ada
11-12-2023,10306,16600,Mesin Aktif,Tidak Ada
12-12-2023,10062,16600,Mesin Aktif,Tidak Ada
13-12-2023,9908,16600,Mesin Aktif,Tidak Ada
14-12-2023,9966,16600,Mesin Aktif,Tidak Ada
15-12-2023,9888,16600,Mesin Aktif,Tidak Ada
16-12-2023,10066,16600,Mesin Aktif,Tidak Ada
17-12-2023,10141,16600,Mesin Aktif,Tidak Ada
18-12-2023,9903,16600,Mesin Aktif,Tidak Ada
19-12-2023,9891,16600,Mesin Aktif,Tidak Ada
20-12-2023,9961,16600,Mesin Aktif,Tidak Ada
21-12-2023,10067,16600,Mesin Aktif,Tidak Ada
22-12-2023,9912,16600,Mesin Aktif,Tidak Ada
23-12-2023,10238,16600,Mesin Aktif,Tidak Ada
24-12-2023,10350,16600,Mesin Aktif,Tidak Ada
25-12-2023,10387,16600,Mesin Aktif,Tidak Ada
26-12-2023,11102,16600,Mesin Aktif,Tidak Ada
27-12-2023,11304,16600,Mesin Aktif,Tidak Ada
28-12-2023,11068,16600,Mesin Aktif,Tidak Ada
29-12-2023,11881,16600,Mesin Aktif,Tidak Ada
30-12-2023,12313,16600,Mesin Aktif,Tidak Ada
31-12-2023,12170,16600,Mesin Aktif,Tidak Ada
01-01-2024,12164,16600,Mesin Aktif,Tidak Ada
02-01-2024,11979,16600,Mesin Aktif,Tidak Ada
03-01-2024,12005,16600,Mesin Aktif,Tidak Ada
04-01-2024,11487,16600,Mesin Aktif,Tidak Ada
05-01-2024,12256,16600,Mesin Aktif,Tidak Ada
06-01-2024,11922,16600,Mesin Aktif,Tidak Ada
07-01-2024,11793,16600,Mesin Aktif,Tidak Ada
08-01-2024,10730,16600,Mesin Aktif,Tidak Ada
09-01-2024,10172,16600,Mesin Aktif,Tidak Ada
10-01-2024,10703,16600,Mesin Aktif,Tidak Ada
11-01-2024,10390,16600,Mesin Aktif,Tidak Ada
12-01-2024,10798,16600,Mesin Aktif,Tidak Ada
13-01-2024,11280,16600,Mesin Aktif,Tidak Ada
14-01-2024,10699,16600,Mesin Aktif,Tidak Ada
15-01-2024,10728,16600,Mesin Aktif,Tidak Ada
16-01-2024,10894,16600,Mesin Aktif,Tidak Ada
17-01-2024,10506,16600,Mesin Aktif,Tidak Ada
18-01-2024,10623,16600,Mesin Aktif,Tidak Ada
19-01-2024,10404,16600,Mesin Aktif,Tidak Ada
20-01-2024,10774,16600,Mesin Aktif,Tidak Ada
21-01-2024,10620,16600,Mesin Aktif,Tidak Ada
22-01-2024,9464,16600,Mesin Aktif,Tidak Ada
23-01-2024,10372,16600,Mesin Aktif,Tidak Ada
24-01-2024,10592,16600,Mesin Aktif,Tidak Ada
25-01-2024,10718,16600,Mesin Aktif,Tidak Ada
26-01-2024,10511,16600,Mesin Aktif,Tidak Ada
27-01-2024,10383,16600,Mesin Aktif,Tidak Ada
28-01-2024,10457,16600,Mesin Aktif,Tidak Ada
29-01-2024,9421,16600,Mesin Aktif,Tidak Ada
30-01-2024,9821,16600,Mesin Aktif,Tidak Ada
31-01-2024,9309,16600,Mesin Aktif,Tidak Ada
01-02-2024,10135,16600,Mesin Aktif,Tidak Ada
02-02-2024,10582,16600,Mesin Aktif,Tidak Ada
03-02-2024,10330,16600,Mesin Aktif,Tidak Ada
04-02-2024,10615,16600,Mesin Aktif,Tidak Ada
05-02-2024,10605,16600,Mesin Aktif,Tidak Ada
06-02-2024,10144,16600,Mesin Aktif,Tidak Ada
07-02-2024,9556,16600,Mesin Aktif,Tidak Ada
08-02-2024,11024,16600,Mesin Aktif,Tidak Ada
09-02-2024,11063,16600,Mesin Aktif,Tidak Ada
10-02-2024,10952,16600,Mesin Aktif,Tidak Ada
11-02-2024,10647,16600,Mesin Aktif,Tidak Ada
12-02-2024,10414,16600,Mesin Aktif,Tidak Ada
13-02-2024,10403,16600,Mesin Aktif,Tidak Ada
14-02-2024,11158,16600,Mesin Aktif,Tidak Ada
15-02-2024,11174,16600,Mesin Aktif,Tidak Ada
16-02-2024,11590,16600,Mesin Aktif,Tidak Ada
17-02-2024,11430,16600,Mesin Aktif,Tidak Ada
18-02-2024,11402,16600,Mesin Aktif,Tidak Ada
19-02-2024,11703,16600,Mesin Aktif,Tidak Ada
20-02-2024,11429,16600,Mesin Aktif,Tidak Ada
21-02-2024,11301,16600,Mesin Aktif,Tidak Ada
22-02-2024,11800,16600,Mesin Aktif,Tidak Ada
23-02-2024,11814,16600,Mesin Aktif,Tidak Ada
24-02-2024,11878,16600,Mesin Aktif,Tidak Ada
25-02-2024,10926,16600,Mesin Aktif,Tidak Ada
26-02-2024,11310,16600,Mesin Aktif,Tidak Ada
27-02-2024,10947,16600,Mesin Aktif,Tidak Ada
28-02-2024,10760,16600,Mesin Aktif,Tidak Ada
29-02-2024,11149,16600,Mesin Aktif,Tidak Ada
01-03-2024,11458,16600,Mesin Aktif,Tidak Ada
02-03-2024,10812,16600,Mesin Aktif,Tidak Ada
03-03-2024,11245,16600,Mesin Aktif,Tidak Ada
04-03-2024,10867,16600,Mesin Aktif,Tidak Ada
05-03-2024,11435,16600,Mesin Aktif,Tidak Ada
06-03-2024,10725,16600,Mesin Aktif,Tidak Ada
07-03-2024,10697,16600,Mesin Aktif,Tidak Ada
08-03-2024,11228,16600,Mesin Aktif,Tidak Ada
09-03-2024,11377,16600,Mesin Aktif,Tidak Ada
10-03-2024,11399,16600,Mesin Aktif,Tidak Ada
11-03-2024,9928,16600,Mesin Aktif,Tidak Ada
12-03-2024,8653,16600,Mesin Aktif,Tidak Ada
13-03-2024,7759,16600,Mesin Aktif,Tidak Ada
14-03-2024,0,11600,Mesin Nonaktif,"MDU #02, MDU #06, MDU #07, GND #02, GND #05, GND #06"
15-03-2024,9872,11600,Mesin Nonaktif,"MDU #02, MDU #06, MDU #07, GND #02, GND #05, GND #06"
16-03-2024,10502,11600,Mesin Nonaktif,"MDU #02, MDU #06, MDU #07, GND #02, GND #05, GND #06"
17-03-2024,9974,11600,Mesin Nonaktif,"MDU #02, MDU #06, MDU #07, GND #02, GND #05, GND #06"
18-03-2024,10410,11600,Mesin Nonaktif,"MDU #02, MDU #06, MDU #07, GND #02, GND #05, GND #06"
19-03-2024,10963,11600,Mesin Nonaktif,"MDU #02, MDU #06, MDU #07, GND #02, GND #05, GND #06"
20-03-2024,10863,11600,Mesin Nonaktif,"MDU #02, MDU #06, MDU #07, GND #02, GND #05, GND #06"
21-03-2024,10998,11600,Mesin Nonaktif,"MDU #02, MDU #06, MDU #07, GND #02, GND #05, GND #06"
22-03-2024,11007,11600,Mesin Nonaktif,"MDU #02, MDU #06, MDU #07, GND #02, GND #05, GND #06"
23-03-2024,11283,11600,Mesin Nonaktif,"MDU #02, MDU #06, MDU #07, GND #02, GND #05, GND #06"
24-03-2024,11678,11600,Mesin Nonaktif,"MDU #02, MDU #06, MDU #07, GND #02, GND #05, GND #06"
25-03-2024,11421,11600,Mesin Nonaktif,"MDU #02, MDU #06, MDU #07, GND #02, GND #05, GND #06"
26-03-2024,11757,11600,Mesin Nonaktif,"MDU #02, MDU #06, MDU #07, GND #02, GND #05, GND #06"
27-03-2024,11529,11600,Mesin Nonaktif,"MDU #02, MDU #06, MDU #07, GND #02, GND #05, GND #06"
28-03-2024,11481,11600,Mesin Nonaktif,"MDU #02, MDU #06, MDU #07, GND #02, GND #05, GND #06"
29-03-2024,11509,11600,Mesin Nonaktif,"MDU #02, MDU #06, MDU #07, GND #02, GND #05, GND #06"
30-03-2024,11517,11600,Mesin Nonaktif,"MDU #02, MDU #06, MDU #07, GND #02, GND #05, GND #06"
31-03-2024,11012,11600,Mesin Nonaktif,"MDU #02, MDU #06, MDU #07, GND #02, GND #05, GND #06"
01-04-2024,11530,11600,Mesin Nonaktif,"MDU #02, MDU #06, MDU #07, GND #02, GND #05, GND #06"
02-04-2024,11467,11600,Mesin Nonaktif,"MDU #02, MDU #06, MDU #07, GND #02, GND #05, GND #06"
03-04-2024,11556,11600,Mesin Nonaktif,"MDU #02, MDU #06, MDU #07, GND #02, GND #05, GND #06"
04-04-2024,11196,11600,Mesin Nonaktif,"MDU #02, MDU #06, MDU #07, GND #02, GND #05, GND #06"
05-04-2024,11880,11600,Mesin Nonaktif,"MDU #02, MDU #06, MDU #07, GND #02, GND #05, GND #06"
06-04-2024,11764,11600,Mesin Nonaktif,"MDU #02, MDU #06, MDU #07, GND #02, GND #05, GND #06"
07-04-2024,11220,11600,Mesin Nonaktif,"MDU #02, MDU #06, MDU #07, GND #02, GND #05, GND #06"
08-04-2024,11774,11600,Mesin Nonaktif,"MDU #02, MDU #06, MDU #07, GND #02, GND #05, GND #06"
09-04-2024,12213,11600,Mesin Nonaktif,"MDU #02, MDU #06, MDU #07, GND #02, GND #05, GND #06"
10-04-2024,12184,11600,Mesin Nonaktif,"MDU #02, MDU #06, MDU #07, GND #02, GND #05, GND #06"
11-04-2024,12259,11600,Mesin Nonaktif,"MDU #02, MDU #06, MDU #07, GND #02, GND #05, GND #06"
12-04-2024,12316,11600,Mesin Nonaktif,"MDU #02, MDU #06, MDU #07, GND #02, GND #05, GND #06"
13-04-2024,12114,11600,Mesin Nonaktif,"MDU #02, MDU #06, MDU #07, GND #02, GND #05, GND #06"
14-04-2024,12015,11600,Mesin Nonaktif,"MDU #02, MDU #06, MDU #07, GND #02, GND #05, GND #06"
15-04-2024,12239,11600,Mesin Nonaktif,"MDU #02, MDU #06, MDU #07, GND #02, GND #05, GND #06"
16-04-2024,12180,11600,Mesin Nonaktif,"MDU #02, MDU #06, MDU #07, GND #02, GND #05, GND #06"
17-04-2024,11643,11600,Mesin Nonaktif,"MDU #02, MDU #06, MDU #07, GND #02, GND #05, GND #06"
18-04-2024,12214,11600,Mesin Nonaktif,"MDU #02, MDU #06, MDU #07, GND #02, GND #05, GND #06"
19-04-2024,11685,11600,Mesin Nonaktif,"MDU #02, MDU #06, MDU #07, GND #02, GND #05, GND #06"
20-04-2024,11559,11600,Mesin Nonaktif,"MDU #02, MDU #06, MDU #07, GND #02, GND #05, GND #06"
21-04-2024,11909,11600,Mesin Nonaktif,"MDU #02, MDU #06, MDU #07, GND #02, GND #05, GND #06"
22-04-2024,12416,11600,Mesin Nonaktif,"MDU #02, MDU #06, MDU #07, GND #02, GND #05, GND #06"
23-04-2024,12153,11600,Mesin Nonaktif,"MDU #02, MDU #06, MDU #07, GND #02, GND #05, GND #06"
24-04-2024,12188,11600,Mesin Nonaktif,"MDU #02, MDU #06, MDU #07, GND #02, GND #05, GND #06"
25-04-2024,11313,11600,Mesin Nonaktif,"MDU #02, MDU #06, MDU #07, GND #02, GND #05, GND #06"
26-04-2024,11141,11600,Mesin Nonaktif,"MDU #02, MDU #06, MDU #07, GND #02, GND #05, GND #06"
27-04-2024,11551,11600,Mesin Nonaktif,"MDU #02, MDU #06, MDU #07, GND #02, GND #05, GND #06"
28-04-2024,11605,11600,Mesin Nonaktif,"MDU #02, MDU #06, MDU #07, GND #02, GND #05, GND #06"
29-04-2024,12064,11600,Mesin Nonaktif,"MDU #02, MDU #06, MDU #07, GND #02, GND #05, GND #06"
30-04-2024,11334,11600,Mesin Nonaktif,"MDU #02, MDU #06, MDU #07, GND #02, GND #05, GND #06"
01-05-2024,9899,11600,Mesin Nonaktif,"MDU #02, MDU #06, MDU #07, GND #02, GND #05, GND #06"
02-05-2024,12151,11600,Mesin Nonaktif,"MDU #02, MDU #06, MDU #07, GND #02, GND #05, GND #06"
03-05-2024,12463,11600,Mesin Nonaktif,"MDU #02, MDU #06, MDU #07, GND #02, GND #05, GND #06"
04-05-2024,12415,11600,Mesin Nonaktif,"MDU #02, MDU #06, MDU #07, GND #02, GND #05, GND #06"
05-05-2024,12245,11600,Mesin Nonaktif,"MDU #02, MDU #06, MDU #07, GND #02, GND #05, GND #06"
06-05-2024,12578,11600,Mesin Nonaktif,"MDU #02, MDU #06, MDU #07, GND #02, GND #05, GND #06"
07-05-2024,12263,11600,Mesin Nonaktif,"MDU #02, MDU #06, MDU #07, GND #02, GND #05, GND #06"
08-05-2024,12049,11600,Mesin Nonaktif,"MDU #02, MDU #06, MDU #07, GND #02, GND #05, GND #06"
09-05-2024,12455,11600,Mesin Nonaktif,"MDU #02, MDU #06, MDU #07, GND #02, GND #05, GND #06"
10-05-2024,12595,16600,Mesin Aktif,Tidak Ada
11-05-2024,12447,16600,Mesin Aktif,Tidak Ada
12-05-2024,12358,16600,Mesin Aktif,Tidak Ada
13-05-2024,12587,16600,Mesin Aktif,Tidak Ada
14-05-2024,12710,16600,Mesin Aktif,Tidak Ada
15-05-2024,12330,16600,Mesin Aktif,Tidak Ada
16-05-2024,12522,16600,Mesin Aktif,Tidak Ada
17-05-2024,12552,16600,Mesin Aktif,Tidak Ada
18-05-2024,12337,16600,Mesin Aktif,Tidak Ada
19-05-2024,12434,16600,Mesin Aktif,Tidak Ada
20-05-2024,12616,16600,Mesin Aktif,Tidak Ada
21-05-2024,12625,16600,Mesin Aktif,Tidak Ada
22-05-2024,12319,16600,Mesin Aktif,Tidak Ada
23-05-2024,12557,16600,Mesin Aktif,Tidak Ada
24-05-2024,12613,16600,Mesin Aktif,Tidak Ada
25-05-2024,12548,16600,Mesin Aktif,Tidak Ada
26-05-2024,12548,16600,Mesin Aktif,Tidak Ada
27-05-2024,12730,16600,Mesin Aktif,Tidak Ada
28-05-2024,12394,16600,Mesin Aktif,Tidak Ada
29-05-2024,12252,16600,Mesin Aktif,Tidak Ada
30-05-2024,12243,16600,Mesin Aktif,Tidak Ada
31-05-2024,12145,16600,Mesin Aktif,Tidak Ada
01-06-2024,11984,16600,Mesin Aktif,Tidak Ada
02-06-2024,11790,16600,Mesin Aktif,Tidak Ada
03-06-2024,12087,16600,Mesin Aktif,Tidak Ada
04-06-2024,12508,16600,Mesin Aktif,Tidak Ada
05-06-2024,12060,16600,Mesin Aktif,Tidak Ada
06-06-2024,12078,16600,Mesin Aktif,Tidak Ada
07-06-2024,12005,16600,Mesin Aktif,Tidak Ada
08-06-2024,11804,16600,Mesin Aktif,Tidak Ada
09-06-2024,11741,16600,Mesin Aktif,Tidak Ada
10-06-2024,10381,16600,Mesin Aktif,Tidak Ada
11-06-2024,11588,16600,Mesin Aktif,Tidak Ada
12-06-2024,11271,16600,Mesin Aktif,Tidak Ada
13-06-2024,11933,16600,Mesin Aktif,Tidak Ada
14-06-2024,11851,16600,Mesin Aktif,Tidak Ada
15-06-2024,11925,16600,Mesin Aktif,Tidak Ada
16-06-2024,11968,16600,Mesin Aktif,Tidak Ada
17-06-2024,12410,16600,Mesin Aktif,Tidak Ada
18-06-2024,12465,16600,Mesin Aktif,Tidak Ada
19-06-2024,12372,16600,Mesin Aktif,Tidak Ada
20-06-2024,12489,16600,Mesin Aktif,Tidak Ada
21-06-2024,11687,16600,Mesin Aktif,Tidak Ada
22-06-2024,11624,16600,Mesin Aktif,Tidak Ada
23-06-2024,11324,16600,Mesin Aktif,Tidak Ada
24-06-2024,11246,16600,Mesin Aktif,Tidak Ada
25-06-2024,11702,16600,Mesin Aktif,Tidak Ada
26-06-2024,11443,16600,Mesin Aktif,Tidak Ada
27-06-2024,11424,16600,Mesin Aktif,Tidak Ada
28-06-2024,11352,16600,Mesin Aktif,Tidak Ada
29-06-2024,11547,16600,Mesin Aktif,Tidak Ada
30-06-2024,12420,16600,Mesin Aktif,Tidak Ada
01-07-2024,12785,16600,Mesin Aktif,Tidak Ada
02-07-2024,13011,16600,Mesin Aktif,Tidak Ada
03-07-2024,12397,16600,Mesin Aktif,Tidak Ada
04-07-2024,11192,16600,Mesin Aktif,Tidak Ada
05-07-2024,12098,16600,Mesin Aktif,Tidak Ada
06-07-2024,10765,16600,Mesin Aktif,Tidak Ada
07-07-2024,11401,16600,Mesin Aktif,Tidak Ada
08-07-2024,11628,16600,Mesin Aktif,Tidak Ada
09-07-2024,12301,16600,Mesin Aktif,Tidak Ada
10-07-2024,12327,16600,Mesin Aktif,Tidak Ada
11-07-2024,12213,16600,Mesin Aktif,Tidak Ada
12-07-2024,12714,16600,Mesin Aktif,Tidak Ada
13-07-2024,12459,16600,Mesin Aktif,Tidak Ada
14-07-2024,12694,16600,Mesin Aktif,Tidak Ada
15-07-2024,12578,16600,Mesin Aktif,Tidak Ada
16-07-2024,11686,16600,Mesin Aktif,Tidak Ada
17-07-2024,11595,16600,Mesin Aktif,Tidak Ada
18-07-2024,11505,16600,Mesin Aktif,Tidak Ada
19-07-2024,12031,16600,Mesin Aktif,Tidak Ada
20-07-2024,12778,16600,Mesin Aktif,Tidak Ada
21-07-2024,12683,16600,Mesin Aktif,Tidak Ada
22-07-2024,12273,16600,Mesin Aktif,Tidak Ada
23-07-2024,11928,16600,Mesin Aktif,Tidak Ada
24-07-2024,12128,16600,Mesin Aktif,Tidak Ada
25-07-2024,12599,16600,Mesin Aktif,Tidak Ada
26-07-2024,12861,16600,Mesin Aktif,Tidak Ada
27-07-2024,12656,16600,Mesin Aktif,Tidak Ada
28-07-2024,12551,16600,Mesin Aktif,Tidak Ada
29-07-2024,12719,16600,Mesin Aktif,Tidak Ada
30-07-2024,12094,16600,Mesin Aktif,Tidak Ada
31-07-2024,12632,16600,Mesin Aktif,Tidak Ada
01-08-2024,12711,16600,Mesin Aktif,Tidak Ada
02-08-2024,12730,16600,Mesin Aktif,Tidak Ada
03-08-2024,13142,16600,Mesin Aktif,Tidak Ada
04-08-2024,13488,16600,Mesin Aktif,Tidak Ada
05-08-2024,13523,16600,Mesin Aktif,Tidak Ada
06-08-2024,13789,16600,Mesin Aktif,Tidak Ada
07-08-2024,12997,16600,Mesin Aktif,Tidak Ada
08-08-2024,12991,16600,Mesin Aktif,Tidak Ada
09-08-2024,12188,16600,Mesin Aktif,Tidak Ada
10-08-2024,12787,16600,Mesin Aktif,Tidak Ada
11-08-2024,13025,16600,Mesin Aktif,Tidak Ada
12-08-2024,13046,16600,Mesin Aktif,Tidak Ada
13-08-2024,13023,16600,Mesin Aktif,Tidak Ada
14-08-2024,12170,16600,Mesin Aktif,Tidak Ada
